subject,ACC,RT,stimuli,syl_freq,wrd_freq,syl_freq.cod,wrd_freq.cod
S001,0,680,jardin,b,a,-0.5,-0.5
S001,0,808,fusil,b,b,-0.5,0.5
S001,0,771,sonda,b,b,-0.5,0.5
S001,0,772,goma,b,a,-0.5,-0.5
S001,0,833,gorra,b,a,-0.5,-0.5
S001,0,700,dedo,a,a,0.5,-0.5
S001,0,618,cuenco,a,b,0.5,0.5
S001,0,1141,feroz,b,a,-0.5,-0.5
S001,0,696,jamon,b,a,-0.5,-0.5
S001,0,728,pelo,a,a,0.5,-0.5
S001,0,1334,liebre,b,b,-0.5,0.5
S001,0,716,fuego,a,a,0.5,-0.5
S001,0,724,tenso,a,a,0.5,-0.5
S001,0,946,sudor,a,a,0.5,-0.5
S001,0,648,sombra,b,a,-0.5,-0.5
S001,0,602,rincon,b,a,-0.5,-0.5
S001,0,826,suela,a,b,0.5,0.5
S001,0,693,prado,b,a,-0.5,-0.5
S001,0,725,parir,a,a,0.5,-0.5
S001,0,825,suerte,b,a,-0.5,-0.5
S001,0,820,forjar,a,b,0.5,0.5
S001,0,702,nudo,b,a,-0.5,-0.5
S001,0,858,pato,a,b,0.5,0.5
S001,0,595,ruido,b,a,-0.5,-0.5
S001,0,1062,porte,a,a,0.5,-0.5
S001,0,647,foca,b,b,-0.5,0.5
S001,0,719,feliz,b,a,-0.5,-0.5
S001,0,1022,gozar,b,a,-0.5,-0.5
S001,0,634,marron,a,a,0.5,-0.5
S001,0,813,salud,a,a,0.5,-0.5
S001,0,808,juego,b,a,-0.5,-0.5
S001,0,1022,pana,a,b,0.5,0.5
S001,0,961,soltar,b,a,-0.5,-0.5
S001,0,745,tardar,a,b,0.5,0.5
S001,0,541,dormir,b,a,-0.5,-0.5
S001,0,744,pobre,a,a,0.5,-0.5
S001,0,573,sonar,a,a,0.5,-0.5
S001,0,1185,mulo,a,b,0.5,0.5
S001,0,827,necia,a,b,0.5,0.5
S001,0,761,mosto,b,b,-0.5,0.5
S001,0,852,parra,a,b,0.5,0.5
S001,0,906,gaita,b,b,-0.5,0.5
S001,0,618,sobrio,a,b,0.5,0.5
S001,0,541,tapon,b,b,-0.5,0.5
S001,0,611,tratar,a,a,0.5,-0.5
S001,0,534,plato,a,a,0.5,-0.5
S001,0,831,fogon,b,b,-0.5,0.5
S001,0,569,pecar,a,b,0.5,0.5
S001,0,621,forro,b,b,-0.5,0.5
S001,0,660,gota,b,a,-0.5,-0.5
S001,0,742,pomo,a,b,0.5,0.5
S001,0,580,palo,a,a,0.5,-0.5
S001,0,843,desliz,a,b,0.5,0.5
S001,0,656,suegro,a,b,0.5,0.5
S001,0,541,penal,a,b,0.5,0.5
S001,0,557,jarron,b,b,-0.5,0.5
S001,0,626,fresa,b,b,-0.5,0.5
S001,0,645,chata,b,b,-0.5,0.5
S001,0,805,tacon,b,b,-0.5,0.5
S001,0,664,pared,a,a,0.5,-0.5
S001,0,731,potro,a,b,0.5,0.5
S001,0,531,sofa,a,a,0.5,-0.5
S001,0,564,jugar,b,a,-0.5,-0.5
S001,0,617,sosa,a,b,0.5,0.5
S001,0,859,riego,b,b,-0.5,0.5
S001,0,853,poro,a,b,0.5,0.5
S001,0,766,trapo,a,a,0.5,-0.5
S001,0,681,susto,b,a,-0.5,-0.5
S002,0,582,pobre,a,a,0.5,-0.5
S002,0,813,mana,a,b,0.5,0.5
S002,0,785,parir,a,a,0.5,-0.5
S002,0,590,forjar,a,b,0.5,0.5
S002,0,478,juego,b,a,-0.5,-0.5
S002,0,975,suela,a,b,0.5,0.5
S002,0,674,tenso,a,a,0.5,-0.5
S002,0,706,sudor,a,a,0.5,-0.5
S002,0,660,goma,b,a,-0.5,-0.5
S002,0,588,creer,a,a,0.5,-0.5
S002,0,665,gozar,b,a,-0.5,-0.5
S002,0,548,jamon,b,a,-0.5,-0.5
S002,0,734,feroz,b,a,-0.5,-0.5
S002,0,638,rincon,b,a,-0.5,-0.5
S002,0,586,gorra,b,a,-0.5,-0.5
S002,0,632,cuenco,a,b,0.5,0.5
S002,0,710,nudo,b,a,-0.5,-0.5
S002,0,749,prado,b,a,-0.5,-0.5
S002,0,629,ruido,b,a,-0.5,-0.5
S002,0,771,dormir,b,a,-0.5,-0.5
S002,0,1045,tardar,a,b,0.5,0.5
S002,0,622,suerte,b,a,-0.5,-0.5
S002,0,626,liebre,b,b,-0.5,0.5
S002,0,628,dedo,a,a,0.5,-0.5
S002,0,785,sonda,b,b,-0.5,0.5
S002,0,705,pelo,a,a,0.5,-0.5
S002,0,969,nuera,a,b,0.5,0.5
S002,0,702,marron,a,a,0.5,-0.5
S002,0,517,fuego,a,a,0.5,-0.5
S002,0,749,foca,b,b,-0.5,0.5
S002,0,509,feliz,b,a,-0.5,-0.5
S002,0,892,sombra,b,a,-0.5,-0.5
S002,0,584,salud,a,a,0.5,-0.5
S002,0,632,pato,a,b,0.5,0.5
S002,0,630,soltar,b,a,-0.5,-0.5
S002,0,512,jardin,b,a,-0.5,-0.5
S002,0,887,gaita,b,b,-0.5,0.5
S002,0,657,tacon,b,b,-0.5,0.5
S002,0,745,forro,b,b,-0.5,0.5
S002,0,711,tratar,a,a,0.5,-0.5
S002,0,600,sofa,a,a,0.5,-0.5
S002,0,960,ruedo,b,b,-0.5,0.5
S002,0,747,pomo,a,b,0.5,0.5
S002,0,639,fogon,b,b,-0.5,0.5
S002,0,668,trapo,a,a,0.5,-0.5
S002,0,643,sobrio,a,b,0.5,0.5
S002,0,586,riego,b,b,-0.5,0.5
S002,0,858,mosto,b,b,-0.5,0.5
S002,0,632,suegro,a,b,0.5,0.5
S002,0,738,gota,b,a,-0.5,-0.5
S002,0,860,gozo,b,a,-0.5,-0.5
S002,0,1049,jarro,b,b,-0.5,0.5
S002,0,593,sonar,a,a,0.5,-0.5
S002,0,774,chata,b,b,-0.5,0.5
S002,0,592,palo,a,a,0.5,-0.5
S002,0,707,pared,a,a,0.5,-0.5
S002,0,736,sosa,a,b,0.5,0.5
S002,0,895,tarro,b,b,-0.5,0.5
S002,0,597,susto,b,a,-0.5,-0.5
S002,0,741,plato,a,a,0.5,-0.5
S002,0,738,mulo,a,b,0.5,0.5
S002,0,704,surco,b,b,-0.5,0.5
S002,0,741,tapon,b,b,-0.5,0.5
S002,0,934,jugar,b,a,-0.5,-0.5
S002,0,598,potro,a,b,0.5,0.5
S002,0,639,necia,a,b,0.5,0.5
S002,0,681,jarron,b,b,-0.5,0.5
S002,0,587,parra,a,b,0.5,0.5
S002,0,702,gula,b,b,-0.5,0.5
S002,0,753,penal,a,b,0.5,0.5
S002,0,701,desliz,a,b,0.5,0.5
S002,0,619,fresa,b,b,-0.5,0.5
S003,0,673,tomo,a,a,0.5,-0.5
S003,0,593,tacon,b,b,-0.5,0.5
S003,0,613,tratar,a,a,0.5,-0.5
S003,0,600,pomo,a,b,0.5,0.5
S003,0,795,sobrio,a,b,0.5,0.5
S003,0,659,trapo,a,a,0.5,-0.5
S003,0,628,desliz,a,b,0.5,0.5
S003,0,631,gozo,b,a,-0.5,-0.5
S003,0,701,tapon,b,b,-0.5,0.5
S003,0,701,surco,b,b,-0.5,0.5
S003,0,668,plato,a,a,0.5,-0.5
S003,0,558,gota,b,a,-0.5,-0.5
S003,0,611,sofa,a,a,0.5,-0.5
S003,0,630,palo,a,a,0.5,-0.5
S003,0,728,penal,a,b,0.5,0.5
S003,0,855,chata,b,b,-0.5,0.5
S003,0,592,gaita,b,b,-0.5,0.5
S003,0,698,necia,a,b,0.5,0.5
S003,0,586,potro,a,b,0.5,0.5
S003,0,652,forro,b,b,-0.5,0.5
S003,0,636,jugar,b,a,-0.5,-0.5
S003,0,790,ruedo,b,b,-0.5,0.5
S003,0,642,sosa,a,b,0.5,0.5
S003,0,731,susto,b,a,-0.5,-0.5
S003,0,648,sonar,a,a,0.5,-0.5
S003,0,579,suegro,a,b,0.5,0.5
S003,0,696,gula,b,b,-0.5,0.5
S003,0,695,poro,a,b,0.5,0.5
S003,0,712,jarro,b,b,-0.5,0.5
S003,0,553,fresa,b,b,-0.5,0.5
S003,0,658,pared,a,a,0.5,-0.5
S003,0,739,mosto,b,b,-0.5,0.5
S003,0,577,pecar,a,b,0.5,0.5
S003,0,586,fogon,b,b,-0.5,0.5
S003,0,929,fango,b,b,-0.5,0.5
S003,0,599,riego,b,b,-0.5,0.5
S003,0,647,jarron,b,b,-0.5,0.5
S003,0,632,prado,b,a,-0.5,-0.5
S003,0,794,feliz,b,a,-0.5,-0.5
S003,0,583,sonda,b,b,-0.5,0.5
S003,0,540,rincon,b,a,-0.5,-0.5
S003,0,676,soltar,b,a,-0.5,-0.5
S003,0,724,mudo,a,a,0.5,-0.5
S003,0,599,marron,a,a,0.5,-0.5
S003,0,602,sombra,b,a,-0.5,-0.5
S003,0,606,suela,a,b,0.5,0.5
S003,0,613,goma,b,a,-0.5,-0.5
S003,0,900,nudo,b,a,-0.5,-0.5
S003,0,539,gozar,b,a,-0.5,-0.5
S003,0,509,dedo,a,a,0.5,-0.5
S003,0,503,foca,b,b,-0.5,0.5
S003,0,706,pobre,a,a,0.5,-0.5
S003,0,761,gorra,b,a,-0.5,-0.5
S003,0,694,forjar,a,b,0.5,0.5
S003,0,627,fusil,b,b,-0.5,0.5
S003,0,598,pelo,a,a,0.5,-0.5
S003,0,585,tardar,a,b,0.5,0.5
S003,0,573,sudor,a,a,0.5,-0.5
S003,0,807,mana,a,b,0.5,0.5
S003,0,787,cuenco,a,b,0.5,0.5
S003,0,623,pana,a,b,0.5,0.5
S003,0,570,liebre,b,b,-0.5,0.5
S003,0,587,juego,b,a,-0.5,-0.5
S003,0,559,jamon,b,a,-0.5,-0.5
S003,0,581,jardin,b,a,-0.5,-0.5
S003,0,540,fuego,a,a,0.5,-0.5
S003,0,642,tenso,a,a,0.5,-0.5
S003,0,647,salud,a,a,0.5,-0.5
S003,0,1112,suerte,b,a,-0.5,-0.5
S003,0,567,creer,a,a,0.5,-0.5
S003,0,524,pato,a,b,0.5,0.5
S003,0,578,parir,a,a,0.5,-0.5
S003,0,540,dormir,b,a,-0.5,-0.5
S004,0,901,sofa,a,a,0.5,-0.5
S004,0,523,tratar,a,a,0.5,-0.5
S004,0,788,parra,a,b,0.5,0.5
S004,0,656,surco,b,b,-0.5,0.5
S004,0,937,suegro,a,b,0.5,0.5
S004,0,724,tomo,a,a,0.5,-0.5
S004,0,808,fogon,b,b,-0.5,0.5
S004,0,595,pecar,a,b,0.5,0.5
S004,0,646,riego,b,b,-0.5,0.5
S004,0,981,gozo,b,a,-0.5,-0.5
S004,0,607,pomo,a,b,0.5,0.5
S004,0,765,tapon,b,b,-0.5,0.5
S004,0,538,fresa,b,b,-0.5,0.5
S004,0,647,palo,a,a,0.5,-0.5
S004,0,682,sosa,a,b,0.5,0.5
S004,0,489,pared,a,a,0.5,-0.5
S004,0,634,jarron,b,b,-0.5,0.5
S004,0,780,necia,a,b,0.5,0.5
S004,0,968,poro,a,b,0.5,0.5
S004,0,573,chata,b,b,-0.5,0.5
S004,0,577,jugar,b,a,-0.5,-0.5
S004,0,1205,fango,b,b,-0.5,0.5
S004,0,1105,penal,a,b,0.5,0.5
S004,0,496,sobrio,a,b,0.5,0.5
S004,0,472,susto,b,a,-0.5,-0.5
S004,0,1243,potro,a,b,0.5,0.5
S004,0,629,gula,b,b,-0.5,0.5
S004,0,918,trapo,a,a,0.5,-0.5
S004,0,957,mosto,b,b,-0.5,0.5
S004,0,827,sonar,a,a,0.5,-0.5
S004,0,559,tarro,b,b,-0.5,0.5
S004,0,614,jarro,b,b,-0.5,0.5
S004,0,536,desliz,a,b,0.5,0.5
S004,0,589,mulo,a,b,0.5,0.5
S004,0,504,plato,a,a,0.5,-0.5
S004,0,495,forro,b,b,-0.5,0.5
S004,0,512,tacon,b,b,-0.5,0.5
S004,0,691,gorra,b,a,-0.5,-0.5
S004,0,678,jamon,b,a,-0.5,-0.5
S004,0,790,prado,b,a,-0.5,-0.5
S004,0,818,tenso,a,a,0.5,-0.5
S004,0,653,foca,b,b,-0.5,0.5
S004,0,641,rincon,b,a,-0.5,-0.5
S004,0,512,salud,a,a,0.5,-0.5
S004,0,473,pelo,a,a,0.5,-0.5
S004,0,532,sudor,a,a,0.5,-0.5
S004,0,635,creer,a,a,0.5,-0.5
S004,0,543,dormir,b,a,-0.5,-0.5
S004,0,581,nuera,a,b,0.5,0.5
S004,0,743,cuenco,a,b,0.5,0.5
S004,0,405,suerte,b,a,-0.5,-0.5
S004,0,639,porte,a,a,0.5,-0.5
S004,0,849,forjar,a,b,0.5,0.5
S004,0,1089,pobre,a,a,0.5,-0.5
S004,0,577,dedo,a,a,0.5,-0.5
S004,0,835,soltar,b,a,-0.5,-0.5
S004,0,558,ruido,b,a,-0.5,-0.5
S004,0,562,suela,a,b,0.5,0.5
S004,0,456,feliz,b,a,-0.5,-0.5
S004,0,502,fuego,a,a,0.5,-0.5
S004,0,633,pana,a,b,0.5,0.5
S004,0,443,sombra,b,a,-0.5,-0.5
S004,0,466,goma,b,a,-0.5,-0.5
S004,0,682,tardar,a,b,0.5,0.5
S004,0,563,gozar,b,a,-0.5,-0.5
S004,0,825,sonda,b,b,-0.5,0.5
S004,0,483,pato,a,b,0.5,0.5
S004,0,527,marron,a,a,0.5,-0.5
S004,0,619,juego,b,a,-0.5,-0.5
S004,0,558,parir,a,a,0.5,-0.5
S004,0,550,nudo,b,a,-0.5,-0.5
S004,0,603,mudo,a,a,0.5,-0.5
S004,0,764,feroz,b,a,-0.5,-0.5
S004,0,644,jardin,b,a,-0.5,-0.5
S004,0,645,fusil,b,b,-0.5,0.5
S005,0,570,gorra,b,a,-0.5,-0.5
S005,0,910,suerte,b,a,-0.5,-0.5
S005,0,692,pelo,a,a,0.5,-0.5
S005,0,843,tenso,a,a,0.5,-0.5
S005,0,581,marron,a,a,0.5,-0.5
S005,0,671,cuenco,a,b,0.5,0.5
S005,0,895,nuera,a,b,0.5,0.5
S005,0,696,sudor,a,a,0.5,-0.5
S005,0,678,rincon,b,a,-0.5,-0.5
S005,0,619,feroz,b,a,-0.5,-0.5
S005,0,655,forjar,a,b,0.5,0.5
S005,0,595,feliz,b,a,-0.5,-0.5
S005,0,707,dormir,b,a,-0.5,-0.5
S005,0,1014,prado,b,a,-0.5,-0.5
S005,0,605,creer,a,a,0.5,-0.5
S005,0,817,salud,a,a,0.5,-0.5
S005,0,983,foca,b,b,-0.5,0.5
S005,0,891,pato,a,b,0.5,0.5
S005,0,899,jardin,b,a,-0.5,-0.5
S005,0,651,liebre,b,b,-0.5,0.5
S005,0,667,sombra,b,a,-0.5,-0.5
S005,0,572,goma,b,a,-0.5,-0.5
S005,0,661,mudo,a,a,0.5,-0.5
S005,0,806,gozar,b,a,-0.5,-0.5
S005,0,597,jamon,b,a,-0.5,-0.5
S005,0,706,tardar,a,b,0.5,0.5
S005,0,529,nudo,b,a,-0.5,-0.5
S005,0,472,juego,b,a,-0.5,-0.5
S005,0,544,fuego,a,a,0.5,-0.5
S005,0,502,ruido,b,a,-0.5,-0.5
S005,0,1211,parir,a,a,0.5,-0.5
S005,0,550,soltar,b,a,-0.5,-0.5
S005,0,580,dedo,a,a,0.5,-0.5
S005,0,753,fresa,b,b,-0.5,0.5
S005,0,673,chata,b,b,-0.5,0.5
S005,0,639,fango,b,b,-0.5,0.5
S005,0,665,surco,b,b,-0.5,0.5
S005,0,738,tacon,b,b,-0.5,0.5
S005,0,785,pomo,a,b,0.5,0.5
S005,0,1229,sobrio,a,b,0.5,0.5
S005,0,903,mosto,b,b,-0.5,0.5
S005,0,739,penal,a,b,0.5,0.5
S005,0,776,jarron,b,b,-0.5,0.5
S005,0,1002,sosa,a,b,0.5,0.5
S005,0,574,palo,a,a,0.5,-0.5
S005,0,1154,pared,a,a,0.5,-0.5
S005,0,733,tratar,a,a,0.5,-0.5
S005,0,844,gula,b,b,-0.5,0.5
S005,0,390,jarro,b,b,-0.5,0.5
S005,0,722,desliz,a,b,0.5,0.5
S005,0,512,tarro,b,b,-0.5,0.5
S005,0,439,poro,a,b,0.5,0.5
S005,0,955,plato,a,a,0.5,-0.5
S005,0,784,fogon,b,b,-0.5,0.5
S005,0,806,gozo,b,a,-0.5,-0.5
S005,0,817,potro,a,b,0.5,0.5
S005,0,844,pecar,a,b,0.5,0.5
S005,0,629,suegro,a,b,0.5,0.5
S005,0,823,sonar,a,a,0.5,-0.5
S005,0,761,riego,b,b,-0.5,0.5
S005,0,647,tomo,a,a,0.5,-0.5
S005,0,713,sofa,a,a,0.5,-0.5
S005,0,903,parra,a,b,0.5,0.5
S005,0,1189,susto,b,a,-0.5,-0.5
S006,0,783,pelo,a,a,0.5,-0.5
S006,0,606,liebre,b,b,-0.5,0.5
S006,0,577,forjar,a,b,0.5,0.5
S006,0,623,soltar,b,a,-0.5,-0.5
S006,0,619,suela,a,b,0.5,0.5
S006,0,627,tardar,a,b,0.5,0.5
S006,0,806,gozar,b,a,-0.5,-0.5
S006,0,658,feliz,b,a,-0.5,-0.5
S006,0,531,jamon,b,a,-0.5,-0.5
S006,0,542,ruido,b,a,-0.5,-0.5
S006,0,960,nuera,a,b,0.5,0.5
S006,0,470,mudo,a,a,0.5,-0.5
S006,0,848,sudor,a,a,0.5,-0.5
S006,0,521,pobre,a,a,0.5,-0.5
S006,0,528,parir,a,a,0.5,-0.5
S006,0,470,suerte,b,a,-0.5,-0.5
S006,0,590,sombra,b,a,-0.5,-0.5
S006,0,858,dormir,b,a,-0.5,-0.5
S006,0,762,sonda,b,b,-0.5,0.5
S006,0,546,rincon,b,a,-0.5,-0.5
S006,0,613,cuenco,a,b,0.5,0.5
S006,0,696,dedo,a,a,0.5,-0.5
S006,0,838,pana,a,b,0.5,0.5
S006,0,631,nudo,b,a,-0.5,-0.5
S006,0,593,juego,b,a,-0.5,-0.5
S006,0,602,jardin,b,a,-0.5,-0.5
S006,0,573,salud,a,a,0.5,-0.5
S006,0,726,foca,b,b,-0.5,0.5
S006,0,661,fusil,b,b,-0.5,0.5
S006,0,519,creer,a,a,0.5,-0.5
S006,0,703,tenso,a,a,0.5,-0.5
S006,0,533,riego,b,b,-0.5,0.5
S006,0,1113,jarro,b,b,-0.5,0.5
S006,0,619,sonar,a,a,0.5,-0.5
S006,0,784,pomo,a,b,0.5,0.5
S006,0,524,tapon,b,b,-0.5,0.5
S006,0,850,penal,a,b,0.5,0.5
S006,0,492,gota,b,a,-0.5,-0.5
S006,0,469,fresa,b,b,-0.5,0.5
S006,0,515,trapo,a,a,0.5,-0.5
S006,0,638,tomo,a,a,0.5,-0.5
S006,0,673,gozo,b,a,-0.5,-0.5
S006,0,513,susto,b,a,-0.5,-0.5
S006,0,497,jugar,b,a,-0.5,-0.5
S006,0,631,surco,b,b,-0.5,0.5
S006,0,594,ruedo,b,b,-0.5,0.5
S006,0,710,gaita,b,b,-0.5,0.5
S006,0,822,fogon,b,b,-0.5,0.5
S006,0,658,suegro,a,b,0.5,0.5
S006,0,611,parra,a,b,0.5,0.5
S006,0,599,mosto,b,b,-0.5,0.5
S006,0,654,tratar,a,a,0.5,-0.5
S006,0,591,pared,a,a,0.5,-0.5
S006,0,920,tacon,b,b,-0.5,0.5
S006,0,710,sofa,a,a,0.5,-0.5
S006,0,688,sobrio,a,b,0.5,0.5
S006,0,561,tarro,b,b,-0.5,0.5
S006,0,591,palo,a,a,0.5,-0.5
S006,0,579,pecar,a,b,0.5,0.5
S006,0,554,plato,a,a,0.5,-0.5
S006,0,701,forro,b,b,-0.5,0.5
S007,0,910,gula,b,b,-0.5,0.5
S007,0,775,necia,a,b,0.5,0.5
S007,0,774,fogon,b,b,-0.5,0.5
S007,0,611,sonar,a,a,0.5,-0.5
S007,0,723,fresa,b,b,-0.5,0.5
S007,0,769,sobrio,a,b,0.5,0.5
S007,0,622,jarro,b,b,-0.5,0.5
S007,0,613,sofa,a,a,0.5,-0.5
S007,0,627,plato,a,a,0.5,-0.5
S007,0,741,desliz,a,b,0.5,0.5
S007,0,806,potro,a,b,0.5,0.5
S007,0,862,tomo,a,a,0.5,-0.5
S007,0,935,tratar,a,a,0.5,-0.5
S007,0,557,chata,b,b,-0.5,0.5
S007,0,593,tapon,b,b,-0.5,0.5
S007,0,435,gota,b,a,-0.5,-0.5
S007,0,413,jugar,b,a,-0.5,-0.5
S007,0,504,trapo,a,a,0.5,-0.5
S007,0,648,penal,a,b,0.5,0.5
S007,0,921,mosto,b,b,-0.5,0.5
S007,0,725,suegro,a,b,0.5,0.5
S007,0,580,pared,a,a,0.5,-0.5
S007,0,769,ruedo,b,b,-0.5,0.5
S007,0,618,jarron,b,b,-0.5,0.5
S007,0,764,gaita,b,b,-0.5,0.5
S007,0,845,pomo,a,b,0.5,0.5
S007,0,932,tarro,b,b,-0.5,0.5
S007,0,698,tacon,b,b,-0.5,0.5
S007,0,696,sosa,a,b,0.5,0.5
S007,0,775,fango,b,b,-0.5,0.5
S007,0,533,susto,b,a,-0.5,-0.5
S007,0,714,parra,a,b,0.5,0.5
S007,0,601,surco,b,b,-0.5,0.5
S007,0,503,forro,b,b,-0.5,0.5
S007,0,649,creer,a,a,0.5,-0.5
S007,0,394,suerte,b,a,-0.5,-0.5
S007,0,376,liebre,b,b,-0.5,0.5
S007,0,588,ruido,b,a,-0.5,-0.5
S007,0,624,dedo,a,a,0.5,-0.5
S007,0,403,nudo,b,a,-0.5,-0.5
S007,0,714,pobre,a,a,0.5,-0.5
S007,0,601,fusil,b,b,-0.5,0.5
S007,0,477,juego,b,a,-0.5,-0.5
S007,0,437,marron,a,a,0.5,-0.5
S007,0,899,sudor,a,a,0.5,-0.5
S007,0,570,gorra,b,a,-0.5,-0.5
S007,0,641,foca,b,b,-0.5,0.5
S007,0,528,cuenco,a,b,0.5,0.5
S007,0,803,sombra,b,a,-0.5,-0.5
S007,0,807,mudo,a,a,0.5,-0.5
S007,0,484,soltar,b,a,-0.5,-0.5
S007,0,1011,mana,a,b,0.5,0.5
S007,0,390,fuego,a,a,0.5,-0.5
S007,0,704,tardar,a,b,0.5,0.5
S007,0,638,tenso,a,a,0.5,-0.5
S007,0,606,nuera,a,b,0.5,0.5
S007,0,1033,prado,b,a,-0.5,-0.5
S007,0,499,jamon,b,a,-0.5,-0.5
S007,0,538,pato,a,b,0.5,0.5
S007,0,658,feliz,b,a,-0.5,-0.5
S007,0,488,pana,a,b,0.5,0.5
S007,0,739,dormir,b,a,-0.5,-0.5
S007,0,817,feroz,b,a,-0.5,-0.5
S007,0,587,rincon,b,a,-0.5,-0.5
S007,0,623,forjar,a,b,0.5,0.5
S007,0,530,jardin,b,a,-0.5,-0.5
S007,0,760,suela,a,b,0.5,0.5
S007,0,373,goma,b,a,-0.5,-0.5
S007,0,555,salud,a,a,0.5,-0.5
S007,0,548,pelo,a,a,0.5,-0.5
S007,0,993,sonda,b,b,-0.5,0.5
S008,0,535,plato,a,a,0.5,-0.5
S008,0,566,suegro,a,b,0.5,0.5
S008,0,610,jarro,b,b,-0.5,0.5
S008,0,650,palo,a,a,0.5,-0.5
S008,0,600,pomo,a,b,0.5,0.5
S008,0,604,tacon,b,b,-0.5,0.5
S008,0,543,susto,b,a,-0.5,-0.5
S008,0,709,necia,a,b,0.5,0.5
S008,0,845,penal,a,b,0.5,0.5
S008,0,680,gula,b,b,-0.5,0.5
S008,0,718,tomo,a,a,0.5,-0.5
S008,0,508,jugar,b,a,-0.5,-0.5
S008,0,788,gota,b,a,-0.5,-0.5
S008,0,617,fresa,b,b,-0.5,0.5
S008,0,524,tarro,b,b,-0.5,0.5
S008,0,531,gozo,b,a,-0.5,-0.5
S008,0,824,chata,b,b,-0.5,0.5
S008,0,680,tratar,a,a,0.5,-0.5
S008,0,584,pecar,a,b,0.5,0.5
S008,0,748,gaita,b,b,-0.5,0.5
S008,0,683,mosto,b,b,-0.5,0.5
S008,0,785,desliz,a,b,0.5,0.5
S008,0,525,sonar,a,a,0.5,-0.5
S008,0,699,fango,b,b,-0.5,0.5
S008,0,459,tapon,b,b,-0.5,0.5
S008,0,628,parra,a,b,0.5,0.5
S008,0,551,forro,b,b,-0.5,0.5
S008,0,684,ruedo,b,b,-0.5,0.5
S008,0,492,pared,a,a,0.5,-0.5
S008,0,548,sobrio,a,b,0.5,0.5
S008,0,457,jarron,b,b,-0.5,0.5
S008,0,1201,mulo,a,b,0.5,0.5
S008,0,1258,potro,a,b,0.5,0.5
S008,0,685,sosa,a,b,0.5,0.5
S008,0,489,sofa,a,a,0.5,-0.5
S008,0,625,fogon,b,b,-0.5,0.5
S008,0,670,surco,b,b,-0.5,0.5
S008,0,500,pobre,a,a,0.5,-0.5
S008,0,747,nuera,a,b,0.5,0.5
S008,0,501,prado,b,a,-0.5,-0.5
S008,0,749,sonda,b,b,-0.5,0.5
S008,0,586,foca,b,b,-0.5,0.5
S008,0,700,soltar,b,a,-0.5,-0.5
S008,0,519,tardar,a,b,0.5,0.5
S008,0,478,salud,a,a,0.5,-0.5
S008,0,567,tenso,a,a,0.5,-0.5
S008,0,530,marron,a,a,0.5,-0.5
S008,0,553,gorra,b,a,-0.5,-0.5
S008,0,567,pato,a,b,0.5,0.5
S008,0,539,creer,a,a,0.5,-0.5
S008,0,665,suela,a,b,0.5,0.5
S008,0,519,feliz,b,a,-0.5,-0.5
S008,0,722,forjar,a,b,0.5,0.5
S008,0,657,liebre,b,b,-0.5,0.5
S008,0,531,goma,b,a,-0.5,-0.5
S008,0,537,gozar,b,a,-0.5,-0.5
S008,0,636,parir,a,a,0.5,-0.5
S008,0,734,feroz,b,a,-0.5,-0.5
S008,0,580,sudor,a,a,0.5,-0.5
S008,0,568,suerte,b,a,-0.5,-0.5
S008,0,545,sombra,b,a,-0.5,-0.5
S008,0,700,mana,a,b,0.5,0.5
S008,0,539,fuego,a,a,0.5,-0.5
S008,0,545,dormir,b,a,-0.5,-0.5
S008,0,471,juego,b,a,-0.5,-0.5
S008,0,560,nudo,b,a,-0.5,-0.5
S008,0,517,jamon,b,a,-0.5,-0.5
S008,0,572,jardin,b,a,-0.5,-0.5
S008,0,546,ruido,b,a,-0.5,-0.5
S008,0,663,fusil,b,b,-0.5,0.5
S008,0,910,pana,a,b,0.5,0.5
S008,0,693,mudo,a,a,0.5,-0.5
S008,0,701,rincon,b,a,-0.5,-0.5
S008,0,567,pelo,a,a,0.5,-0.5
S008,0,731,cuenco,a,b,0.5,0.5
S009,0,591,gozar,b,a,-0.5,-0.5
S009,0,627,pato,a,b,0.5,0.5
S009,0,574,marron,a,a,0.5,-0.5
S009,0,661,foca,b,b,-0.5,0.5
S009,0,614,sombra,b,a,-0.5,-0.5
S009,0,665,mudo,a,a,0.5,-0.5
S009,0,553,pelo,a,a,0.5,-0.5
S009,0,864,porte,a,a,0.5,-0.5
S009,0,614,pobre,a,a,0.5,-0.5
S009,0,617,fusil,b,b,-0.5,0.5
S009,0,640,ruido,b,a,-0.5,-0.5
S009,0,558,suerte,b,a,-0.5,-0.5
S009,0,632,tardar,a,b,0.5,0.5
S009,0,745,juego,b,a,-0.5,-0.5
S009,0,541,creer,a,a,0.5,-0.5
S009,0,863,nudo,b,a,-0.5,-0.5
S009,0,1304,suela,a,b,0.5,0.5
S009,0,688,sonda,b,b,-0.5,0.5
S009,0,696,gorra,b,a,-0.5,-0.5
S009,0,1060,forjar,a,b,0.5,0.5
S009,0,742,sudor,a,a,0.5,-0.5
S009,0,692,prado,b,a,-0.5,-0.5
S009,0,554,jamon,b,a,-0.5,-0.5
S009,0,601,rincon,b,a,-0.5,-0.5
S009,0,653,parir,a,a,0.5,-0.5
S009,0,606,tenso,a,a,0.5,-0.5
S009,0,574,dedo,a,a,0.5,-0.5
S009,0,558,salud,a,a,0.5,-0.5
S009,0,981,pana,a,b,0.5,0.5
S009,0,730,feroz,b,a,-0.5,-0.5
S009,0,901,nuera,a,b,0.5,0.5
S009,0,620,goma,b,a,-0.5,-0.5
S009,0,645,soltar,b,a,-0.5,-0.5
S009,0,1072,mana,a,b,0.5,0.5
S009,0,545,feliz,b,a,-0.5,-0.5
S009,0,810,cuenco,a,b,0.5,0.5
S009,0,502,jardin,b,a,-0.5,-0.5
S009,0,480,dormir,b,a,-0.5,-0.5
S009,0,735,liebre,b,b,-0.5,0.5
S009,0,538,fuego,a,a,0.5,-0.5
S009,0,744,suegro,a,b,0.5,0.5
S009,0,516,jarron,b,b,-0.5,0.5
S009,0,490,tratar,a,a,0.5,-0.5
S009,0,631,susto,b,a,-0.5,-0.5
S009,0,601,gota,b,a,-0.5,-0.5
S009,0,685,parra,a,b,0.5,0.5
S009,0,530,palo,a,a,0.5,-0.5
S009,0,474,fresa,b,b,-0.5,0.5
S009,0,595,penal,a,b,0.5,0.5
S009,0,758,tomo,a,a,0.5,-0.5
S009,0,583,potro,a,b,0.5,0.5
S009,0,458,jarro,b,b,-0.5,0.5
S009,0,609,necia,a,b,0.5,0.5
S009,0,848,mulo,a,b,0.5,0.5
S009,0,601,gozo,b,a,-0.5,-0.5
S009,0,634,surco,b,b,-0.5,0.5
S009,0,617,forro,b,b,-0.5,0.5
S009,0,715,tapon,b,b,-0.5,0.5
S009,0,852,trapo,a,a,0.5,-0.5
S009,0,1002,mosto,b,b,-0.5,0.5
S009,0,623,tarro,b,b,-0.5,0.5
S009,0,555,jugar,b,a,-0.5,-0.5
S009,0,871,plato,a,a,0.5,-0.5
S009,0,800,pomo,a,b,0.5,0.5
S009,0,795,chata,b,b,-0.5,0.5
S009,0,679,tacon,b,b,-0.5,0.5
S009,0,570,sonar,a,a,0.5,-0.5
S009,0,687,desliz,a,b,0.5,0.5
S009,0,825,gaita,b,b,-0.5,0.5
S009,0,553,sofa,a,a,0.5,-0.5
S009,0,717,pecar,a,b,0.5,0.5
S009,0,652,gula,b,b,-0.5,0.5
S009,0,685,fango,b,b,-0.5,0.5
S009,0,989,ruedo,b,b,-0.5,0.5
S009,0,609,pared,a,a,0.5,-0.5
S009,0,689,sobrio,a,b,0.5,0.5
S009,0,625,fogon,b,b,-0.5,0.5
S009,0,768,riego,b,b,-0.5,0.5
S010,0,676,goma,b,a,-0.5,-0.5
S010,0,778,suerte,b,a,-0.5,-0.5
S010,0,695,marron,a,a,0.5,-0.5
S010,0,855,forjar,a,b,0.5,0.5
S010,0,576,soltar,b,a,-0.5,-0.5
S010,0,597,juego,b,a,-0.5,-0.5
S010,0,888,nuera,a,b,0.5,0.5
S010,0,632,sombra,b,a,-0.5,-0.5
S010,0,666,feroz,b,a,-0.5,-0.5
S010,0,742,suela,a,b,0.5,0.5
S010,0,703,gorra,b,a,-0.5,-0.5
S010,0,713,gozar,b,a,-0.5,-0.5
S010,0,632,mudo,a,a,0.5,-0.5
S010,0,1130,dormir,b,a,-0.5,-0.5
S010,0,851,fusil,b,b,-0.5,0.5
S010,0,559,fuego,a,a,0.5,-0.5
S010,0,818,liebre,b,b,-0.5,0.5
S010,0,1043,foca,b,b,-0.5,0.5
S010,0,821,sonda,b,b,-0.5,0.5
S010,0,655,dedo,a,a,0.5,-0.5
S010,0,593,jardin,b,a,-0.5,-0.5
S010,0,613,ruido,b,a,-0.5,-0.5
S010,0,786,pobre,a,a,0.5,-0.5
S010,0,969,tardar,a,b,0.5,0.5
S010,0,636,pato,a,b,0.5,0.5
S010,0,677,feliz,b,a,-0.5,-0.5
S010,0,749,tenso,a,a,0.5,-0.5
S010,0,650,jamon,b,a,-0.5,-0.5
S010,0,633,pelo,a,a,0.5,-0.5
S010,0,697,creer,a,a,0.5,-0.5
S010,0,622,salud,a,a,0.5,-0.5
S010,0,912,porte,a,a,0.5,-0.5
S010,0,741,rincon,b,a,-0.5,-0.5
S010,0,731,pana,a,b,0.5,0.5
S010,0,763,parir,a,a,0.5,-0.5
S010,0,631,cuenco,a,b,0.5,0.5
S010,0,789,tapon,b,b,-0.5,0.5
S010,0,689,plato,a,a,0.5,-0.5
S010,0,749,penal,a,b,0.5,0.5
S010,0,890,pomo,a,b,0.5,0.5
S010,0,770,tratar,a,a,0.5,-0.5
S010,0,1148,jugar,b,a,-0.5,-0.5
S010,0,969,sobrio,a,b,0.5,0.5
S010,0,622,sosa,a,b,0.5,0.5
S010,0,578,sonar,a,a,0.5,-0.5
S010,0,659,parra,a,b,0.5,0.5
S010,0,644,fresa,b,b,-0.5,0.5
S010,0,741,mosto,b,b,-0.5,0.5
S010,0,947,pecar,a,b,0.5,0.5
S010,0,693,tacon,b,b,-0.5,0.5
S010,0,982,gaita,b,b,-0.5,0.5
S010,0,684,sofa,a,a,0.5,-0.5
S010,0,772,susto,b,a,-0.5,-0.5
S010,0,847,potro,a,b,0.5,0.5
S010,0,1240,necia,a,b,0.5,0.5
S010,0,712,forro,b,b,-0.5,0.5
S010,0,935,suegro,a,b,0.5,0.5
S010,0,717,gula,b,b,-0.5,0.5
S010,0,888,fango,b,b,-0.5,0.5
S010,0,928,surco,b,b,-0.5,0.5
S010,0,1063,tomo,a,a,0.5,-0.5
S010,0,789,tarro,b,b,-0.5,0.5
S010,0,641,jarron,b,b,-0.5,0.5
S010,0,691,mulo,a,b,0.5,0.5
S010,0,771,desliz,a,b,0.5,0.5
S010,0,688,gota,b,a,-0.5,-0.5
S010,0,604,pared,a,a,0.5,-0.5
S010,0,635,chata,b,b,-0.5,0.5
S010,0,640,palo,a,a,0.5,-0.5
S010,0,803,fogon,b,b,-0.5,0.5
S010,0,799,jarro,b,b,-0.5,0.5
S011,0,594,poro,a,b,0.5,0.5
S011,0,557,sonar,a,a,0.5,-0.5
S011,0,690,pecar,a,b,0.5,0.5
S011,0,565,jarron,b,b,-0.5,0.5
S011,0,600,tomo,a,a,0.5,-0.5
S011,0,491,gozo,b,a,-0.5,-0.5
S011,0,579,riego,b,b,-0.5,0.5
S011,0,487,tratar,a,a,0.5,-0.5
S011,0,546,desliz,a,b,0.5,0.5
S011,0,552,tacon,b,b,-0.5,0.5
S011,0,610,gula,b,b,-0.5,0.5
S011,0,565,tapon,b,b,-0.5,0.5
S011,0,542,sofa,a,a,0.5,-0.5
S011,0,844,parra,a,b,0.5,0.5
S011,0,630,surco,b,b,-0.5,0.5
S011,0,488,gota,b,a,-0.5,-0.5
S011,0,622,jugar,b,a,-0.5,-0.5
S011,0,529,tarro,b,b,-0.5,0.5
S011,0,424,fresa,b,b,-0.5,0.5
S011,0,405,plato,a,a,0.5,-0.5
S011,0,464,mosto,b,b,-0.5,0.5
S011,0,474,chata,b,b,-0.5,0.5
S011,0,501,susto,b,a,-0.5,-0.5
S011,0,444,trapo,a,a,0.5,-0.5
S011,0,718,jarro,b,b,-0.5,0.5
S011,0,616,palo,a,a,0.5,-0.5
S011,0,700,sosa,a,b,0.5,0.5
S011,0,460,sobrio,a,b,0.5,0.5
S011,0,533,pomo,a,b,0.5,0.5
S011,0,827,mulo,a,b,0.5,0.5
S011,0,654,forro,b,b,-0.5,0.5
S011,0,480,pared,a,a,0.5,-0.5
S011,0,760,fogon,b,b,-0.5,0.5
S011,0,774,penal,a,b,0.5,0.5
S011,0,752,ruedo,b,b,-0.5,0.5
S011,0,597,parir,a,a,0.5,-0.5
S011,0,667,mudo,a,a,0.5,-0.5
S011,0,643,forjar,a,b,0.5,0.5
S011,0,593,foca,b,b,-0.5,0.5
S011,0,693,sonda,b,b,-0.5,0.5
S011,0,555,tardar,a,b,0.5,0.5
S011,0,512,jardin,b,a,-0.5,-0.5
S011,0,552,pelo,a,a,0.5,-0.5
S011,0,906,liebre,b,b,-0.5,0.5
S011,0,560,marron,a,a,0.5,-0.5
S011,0,736,juego,b,a,-0.5,-0.5
S011,0,1085,mana,a,b,0.5,0.5
S011,0,605,porte,a,a,0.5,-0.5
S011,0,659,sudor,a,a,0.5,-0.5
S011,0,548,sombra,b,a,-0.5,-0.5
S011,0,698,suela,a,b,0.5,0.5
S011,0,650,goma,b,a,-0.5,-0.5
S011,0,567,dedo,a,a,0.5,-0.5
S011,0,556,pobre,a,a,0.5,-0.5
S011,0,673,cuenco,a,b,0.5,0.5
S011,0,418,suerte,b,a,-0.5,-0.5
S011,0,592,soltar,b,a,-0.5,-0.5
S011,0,441,feliz,b,a,-0.5,-0.5
S011,0,547,fusil,b,b,-0.5,0.5
S011,0,584,creer,a,a,0.5,-0.5
S011,0,675,nudo,b,a,-0.5,-0.5
S011,0,579,ruido,b,a,-0.5,-0.5
S011,0,648,feroz,b,a,-0.5,-0.5
S011,0,583,gozar,b,a,-0.5,-0.5
S011,0,459,pato,a,b,0.5,0.5
S011,0,597,tenso,a,a,0.5,-0.5
S011,0,441,dormir,b,a,-0.5,-0.5
S011,0,573,jamon,b,a,-0.5,-0.5
S011,0,465,fuego,a,a,0.5,-0.5
S011,0,449,rincon,b,a,-0.5,-0.5
S011,0,491,gorra,b,a,-0.5,-0.5
S012,0,1091,fogon,b,b,-0.5,0.5
S012,0,867,desliz,a,b,0.5,0.5
S012,0,792,forro,b,b,-0.5,0.5
S012,0,724,pecar,a,b,0.5,0.5
S012,0,620,tratar,a,a,0.5,-0.5
S012,0,590,suegro,a,b,0.5,0.5
S012,0,1106,sonar,a,a,0.5,-0.5
S012,0,479,sosa,a,b,0.5,0.5
S012,0,632,sobrio,a,b,0.5,0.5
S012,0,984,jarro,b,b,-0.5,0.5
S012,0,584,jugar,b,a,-0.5,-0.5
S012,0,901,penal,a,b,0.5,0.5
S012,0,747,fresa,b,b,-0.5,0.5
S012,0,648,surco,b,b,-0.5,0.5
S012,0,664,tapon,b,b,-0.5,0.5
S012,0,1192,chata,b,b,-0.5,0.5
S012,0,637,tacon,b,b,-0.5,0.5
S012,0,577,palo,a,a,0.5,-0.5
S012,0,903,potro,a,b,0.5,0.5
S012,0,653,gozo,b,a,-0.5,-0.5
S012,0,870,gula,b,b,-0.5,0.5
S012,0,648,tarro,b,b,-0.5,0.5
S012,0,681,susto,b,a,-0.5,-0.5
S012,0,662,gota,b,a,-0.5,-0.5
S012,0,1098,riego,b,b,-0.5,0.5
S012,0,806,ruedo,b,b,-0.5,0.5
S012,0,830,jarron,b,b,-0.5,0.5
S012,0,616,pared,a,a,0.5,-0.5
S012,0,754,plato,a,a,0.5,-0.5
S012,0,647,trapo,a,a,0.5,-0.5
S012,0,731,ruido,b,a,-0.5,-0.5
S012,0,669,rincon,b,a,-0.5,-0.5
S012,0,599,tenso,a,a,0.5,-0.5
S012,0,1094,mudo,a,a,0.5,-0.5
S012,0,758,creer,a,a,0.5,-0.5
S012,0,579,jamon,b,a,-0.5,-0.5
S012,0,983,nuera,a,b,0.5,0.5
S012,0,617,feliz,b,a,-0.5,-0.5
S012,0,659,marron,a,a,0.5,-0.5
S012,0,618,pato,a,b,0.5,0.5
S012,0,583,gozar,b,a,-0.5,-0.5
S012,0,538,dedo,a,a,0.5,-0.5
S012,0,567,foca,b,b,-0.5,0.5
S012,0,1229,suela,a,b,0.5,0.5
S012,0,583,fuego,a,a,0.5,-0.5
S012,0,523,juego,b,a,-0.5,-0.5
S012,0,770,parir,a,a,0.5,-0.5
S012,0,719,cuenco,a,b,0.5,0.5
S012,0,510,sombra,b,a,-0.5,-0.5
S012,0,629,gorra,b,a,-0.5,-0.5
S012,0,633,soltar,b,a,-0.5,-0.5
S012,0,491,suerte,b,a,-0.5,-0.5
S012,0,675,sudor,a,a,0.5,-0.5
S012,0,866,forjar,a,b,0.5,0.5
S012,0,515,dormir,b,a,-0.5,-0.5
S012,0,768,fusil,b,b,-0.5,0.5
S012,0,669,pelo,a,a,0.5,-0.5
S012,0,558,tardar,a,b,0.5,0.5
S012,0,670,goma,b,a,-0.5,-0.5
S012,0,590,nudo,b,a,-0.5,-0.5
S012,0,865,prado,b,a,-0.5,-0.5
S012,0,723,salud,a,a,0.5,-0.5
S012,0,498,pobre,a,a,0.5,-0.5
S012,0,601,jardin,b,a,-0.5,-0.5
S013,0,1001,tardar,a,b,0.5,0.5
S013,0,573,dedo,a,a,0.5,-0.5
S013,0,725,pana,a,b,0.5,0.5
S013,0,771,suela,a,b,0.5,0.5
S013,0,653,marron,a,a,0.5,-0.5
S013,0,990,soltar,b,a,-0.5,-0.5
S013,0,696,mudo,a,a,0.5,-0.5
S013,0,712,pato,a,b,0.5,0.5
S013,0,593,feliz,b,a,-0.5,-0.5
S013,0,880,mana,a,b,0.5,0.5
S013,0,600,pobre,a,a,0.5,-0.5
S013,0,798,pelo,a,a,0.5,-0.5
S013,0,697,jamon,b,a,-0.5,-0.5
S013,0,965,porte,a,a,0.5,-0.5
S013,0,659,creer,a,a,0.5,-0.5
S013,0,760,goma,b,a,-0.5,-0.5
S013,0,823,nudo,b,a,-0.5,-0.5
S013,0,1319,sonda,b,b,-0.5,0.5
S013,0,589,jardin,b,a,-0.5,-0.5
S013,0,532,salud,a,a,0.5,-0.5
S013,0,823,forjar,a,b,0.5,0.5
S013,0,590,ruido,b,a,-0.5,-0.5
S013,0,927,feroz,b,a,-0.5,-0.5
S013,0,767,rincon,b,a,-0.5,-0.5
S013,0,1235,liebre,b,b,-0.5,0.5
S013,0,647,dormir,b,a,-0.5,-0.5
S013,0,700,fuego,a,a,0.5,-0.5
S013,0,978,parir,a,a,0.5,-0.5
S013,0,1112,fusil,b,b,-0.5,0.5
S013,0,716,suerte,b,a,-0.5,-0.5
S013,0,667,sudor,a,a,0.5,-0.5
S013,0,797,gozar,b,a,-0.5,-0.5
S013,0,871,cuenco,a,b,0.5,0.5
S013,0,603,foca,b,b,-0.5,0.5
S013,0,845,nuera,a,b,0.5,0.5
S013,0,839,tenso,a,a,0.5,-0.5
S013,0,579,sombra,b,a,-0.5,-0.5
S013,0,580,juego,b,a,-0.5,-0.5
S013,0,608,pecar,a,b,0.5,0.5
S013,0,496,palo,a,a,0.5,-0.5
S013,0,666,jarron,b,b,-0.5,0.5
S013,0,714,ruedo,b,b,-0.5,0.5
S013,0,900,fogon,b,b,-0.5,0.5
S013,0,619,pomo,a,b,0.5,0.5
S013,0,899,jarro,b,b,-0.5,0.5
S013,0,633,gota,b,a,-0.5,-0.5
S013,0,755,trapo,a,a,0.5,-0.5
S013,0,836,suegro,a,b,0.5,0.5
S013,0,634,susto,b,a,-0.5,-0.5
S013,0,614,sofa,a,a,0.5,-0.5
S013,0,868,desliz,a,b,0.5,0.5
S013,0,707,jugar,b,a,-0.5,-0.5
S013,0,688,tapon,b,b,-0.5,0.5
S013,0,1118,sobrio,a,b,0.5,0.5
S013,0,739,tarro,b,b,-0.5,0.5
S013,0,637,sonar,a,a,0.5,-0.5
S013,0,1206,mosto,b,b,-0.5,0.5
S013,0,898,chata,b,b,-0.5,0.5
S013,0,681,poro,a,b,0.5,0.5
S013,0,1065,gaita,b,b,-0.5,0.5
S013,0,506,fresa,b,b,-0.5,0.5
S013,0,609,forro,b,b,-0.5,0.5
S013,0,705,gula,b,b,-0.5,0.5
S013,0,1320,penal,a,b,0.5,0.5
S013,0,669,parra,a,b,0.5,0.5
S013,0,741,sosa,a,b,0.5,0.5
S013,0,694,tacon,b,b,-0.5,0.5
S013,0,899,surco,b,b,-0.5,0.5
S013,0,1178,potro,a,b,0.5,0.5
S013,0,807,gozo,b,a,-0.5,-0.5
S013,0,954,fango,b,b,-0.5,0.5
S013,0,869,riego,b,b,-0.5,0.5
S014,0,475,sudor,a,a,0.5,-0.5
S014,0,563,pana,a,b,0.5,0.5
S014,0,506,suela,a,b,0.5,0.5
S014,0,577,goma,b,a,-0.5,-0.5
S014,0,582,jamon,b,a,-0.5,-0.5
S014,0,536,feliz,b,a,-0.5,-0.5
S014,0,830,mudo,a,a,0.5,-0.5
S014,0,584,liebre,b,b,-0.5,0.5
S014,0,588,sonda,b,b,-0.5,0.5
S014,0,533,cuenco,a,b,0.5,0.5
S014,0,619,suerte,b,a,-0.5,-0.5
S014,0,723,prado,b,a,-0.5,-0.5
S014,0,546,tardar,a,b,0.5,0.5
S014,0,504,gozar,b,a,-0.5,-0.5
S014,0,503,fusil,b,b,-0.5,0.5
S014,0,631,ruido,b,a,-0.5,-0.5
S014,0,890,sombra,b,a,-0.5,-0.5
S014,0,690,tenso,a,a,0.5,-0.5
S014,0,562,juego,b,a,-0.5,-0.5
S014,0,574,marron,a,a,0.5,-0.5
S014,0,567,pelo,a,a,0.5,-0.5
S014,0,428,fuego,a,a,0.5,-0.5
S014,0,714,feroz,b,a,-0.5,-0.5
S014,0,521,pobre,a,a,0.5,-0.5
S014,0,483,dormir,b,a,-0.5,-0.5
S014,0,443,parir,a,a,0.5,-0.5
S014,0,517,salud,a,a,0.5,-0.5
S014,0,481,soltar,b,a,-0.5,-0.5
S014,0,605,gorra,b,a,-0.5,-0.5
S014,0,521,creer,a,a,0.5,-0.5
S014,0,640,rincon,b,a,-0.5,-0.5
S014,0,435,pato,a,b,0.5,0.5
S014,0,618,dedo,a,a,0.5,-0.5
S014,0,572,foca,b,b,-0.5,0.5
S014,0,753,nuera,a,b,0.5,0.5
S014,0,478,jardin,b,a,-0.5,-0.5
S014,0,870,tacon,b,b,-0.5,0.5
S014,0,607,fogon,b,b,-0.5,0.5
S014,0,535,gota,b,a,-0.5,-0.5
S014,0,503,forro,b,b,-0.5,0.5
S014,0,654,plato,a,a,0.5,-0.5
S014,0,874,pecar,a,b,0.5,0.5
S014,0,604,susto,b,a,-0.5,-0.5
S014,0,576,palo,a,a,0.5,-0.5
S014,0,505,sonar,a,a,0.5,-0.5
S014,0,737,gaita,b,b,-0.5,0.5
S014,0,653,parra,a,b,0.5,0.5
S014,0,856,riego,b,b,-0.5,0.5
S014,0,626,pomo,a,b,0.5,0.5
S014,0,557,jarro,b,b,-0.5,0.5
S014,0,552,tapon,b,b,-0.5,0.5
S014,0,559,tomo,a,a,0.5,-0.5
S014,0,504,potro,a,b,0.5,0.5
S014,0,516,pared,a,a,0.5,-0.5
S014,0,1071,mulo,a,b,0.5,0.5
S014,0,671,gula,b,b,-0.5,0.5
S014,0,719,fresa,b,b,-0.5,0.5
S014,0,542,jugar,b,a,-0.5,-0.5
S014,0,717,tratar,a,a,0.5,-0.5
S014,0,508,penal,a,b,0.5,0.5
S014,0,627,ruedo,b,b,-0.5,0.5
S014,0,513,suegro,a,b,0.5,0.5
S014,0,606,sobrio,a,b,0.5,0.5
S014,0,593,jarron,b,b,-0.5,0.5
S014,0,581,surco,b,b,-0.5,0.5
S014,0,514,sofa,a,a,0.5,-0.5
S014,0,586,tarro,b,b,-0.5,0.5
S014,0,510,gozo,b,a,-0.5,-0.5
S014,0,805,trapo,a,a,0.5,-0.5
S015,0,745,necia,a,b,0.5,0.5
S015,0,660,sobrio,a,b,0.5,0.5
S015,0,900,gozo,b,a,-0.5,-0.5
S015,0,651,poro,a,b,0.5,0.5
S015,0,650,tapon,b,b,-0.5,0.5
S015,0,831,sosa,a,b,0.5,0.5
S015,0,650,tratar,a,a,0.5,-0.5
S015,0,534,parra,a,b,0.5,0.5
S015,0,572,mulo,a,b,0.5,0.5
S015,0,626,forro,b,b,-0.5,0.5
S015,0,644,sonar,a,a,0.5,-0.5
S015,0,639,riego,b,b,-0.5,0.5
S015,0,677,fogon,b,b,-0.5,0.5
S015,0,861,chata,b,b,-0.5,0.5
S015,0,711,jarron,b,b,-0.5,0.5
S015,0,683,tomo,a,a,0.5,-0.5
S015,0,603,ruedo,b,b,-0.5,0.5
S015,0,611,sofa,a,a,0.5,-0.5
S015,0,624,suegro,a,b,0.5,0.5
S015,0,675,palo,a,a,0.5,-0.5
S015,0,595,jugar,b,a,-0.5,-0.5
S015,0,599,gota,b,a,-0.5,-0.5
S015,0,683,desliz,a,b,0.5,0.5
S015,0,780,potro,a,b,0.5,0.5
S015,0,712,trapo,a,a,0.5,-0.5
S015,0,615,tarro,b,b,-0.5,0.5
S015,0,574,plato,a,a,0.5,-0.5
S015,0,568,pomo,a,b,0.5,0.5
S015,0,581,pared,a,a,0.5,-0.5
S015,0,585,pecar,a,b,0.5,0.5
S015,0,573,penal,a,b,0.5,0.5
S015,0,574,tacon,b,b,-0.5,0.5
S015,0,877,fresa,b,b,-0.5,0.5
S015,0,582,jarro,b,b,-0.5,0.5
S015,0,603,susto,b,a,-0.5,-0.5
S015,0,571,feroz,b,a,-0.5,-0.5
S015,0,591,pato,a,b,0.5,0.5
S015,0,995,fusil,b,b,-0.5,0.5
S015,0,546,jamon,b,a,-0.5,-0.5
S015,0,525,dormir,b,a,-0.5,-0.5
S015,0,460,marron,a,a,0.5,-0.5
S015,0,506,salud,a,a,0.5,-0.5
S015,0,913,suela,a,b,0.5,0.5
S015,0,638,pobre,a,a,0.5,-0.5
S015,0,494,rincon,b,a,-0.5,-0.5
S015,0,678,pelo,a,a,0.5,-0.5
S015,0,1047,fuego,a,a,0.5,-0.5
S015,0,570,mudo,a,a,0.5,-0.5
S015,0,462,sudor,a,a,0.5,-0.5
S015,0,472,jardin,b,a,-0.5,-0.5
S015,0,736,gorra,b,a,-0.5,-0.5
S015,0,494,suerte,b,a,-0.5,-0.5
S015,0,518,ruido,b,a,-0.5,-0.5
S015,0,641,foca,b,b,-0.5,0.5
S015,0,627,sombra,b,a,-0.5,-0.5
S015,0,920,nudo,b,a,-0.5,-0.5
S015,0,603,tenso,a,a,0.5,-0.5
S015,0,686,gozar,b,a,-0.5,-0.5
S015,0,782,liebre,b,b,-0.5,0.5
S015,0,730,sonda,b,b,-0.5,0.5
S015,0,629,prado,b,a,-0.5,-0.5
S015,0,696,soltar,b,a,-0.5,-0.5
S015,0,600,cuenco,a,b,0.5,0.5
S015,0,495,dedo,a,a,0.5,-0.5
S015,0,727,tardar,a,b,0.5,0.5
S015,0,521,goma,b,a,-0.5,-0.5
S015,0,527,feliz,b,a,-0.5,-0.5
S015,0,595,creer,a,a,0.5,-0.5
S015,0,631,juego,b,a,-0.5,-0.5
S015,0,649,parir,a,a,0.5,-0.5
S015,0,523,porte,a,a,0.5,-0.5
S016,0,540,forro,b,b,-0.5,0.5
S016,0,597,tarro,b,b,-0.5,0.5
S016,0,619,fresa,b,b,-0.5,0.5
S016,0,881,poro,a,b,0.5,0.5
S016,0,646,sosa,a,b,0.5,0.5
S016,0,622,susto,b,a,-0.5,-0.5
S016,0,538,sonar,a,a,0.5,-0.5
S016,0,599,jugar,b,a,-0.5,-0.5
S016,0,593,gula,b,b,-0.5,0.5
S016,0,501,sobrio,a,b,0.5,0.5
S016,0,541,penal,a,b,0.5,0.5
S016,0,579,pecar,a,b,0.5,0.5
S016,0,717,riego,b,b,-0.5,0.5
S016,0,575,palo,a,a,0.5,-0.5
S016,0,760,tomo,a,a,0.5,-0.5
S016,0,709,suegro,a,b,0.5,0.5
S016,0,611,jarro,b,b,-0.5,0.5
S016,0,692,potro,a,b,0.5,0.5
S016,0,532,pared,a,a,0.5,-0.5
S016,0,666,sofa,a,a,0.5,-0.5
S016,0,587,trapo,a,a,0.5,-0.5
S016,0,803,fango,b,b,-0.5,0.5
S016,0,558,gozo,b,a,-0.5,-0.5
S016,0,564,chata,b,b,-0.5,0.5
S016,0,569,mulo,a,b,0.5,0.5
S016,0,573,jarron,b,b,-0.5,0.5
S016,0,932,mosto,b,b,-0.5,0.5
S016,0,554,tacon,b,b,-0.5,0.5
S016,0,646,ruedo,b,b,-0.5,0.5
S016,0,584,tratar,a,a,0.5,-0.5
S016,0,574,tapon,b,b,-0.5,0.5
S016,0,562,plato,a,a,0.5,-0.5
S016,0,566,gota,b,a,-0.5,-0.5
S016,0,555,desliz,a,b,0.5,0.5
S016,0,553,fogon,b,b,-0.5,0.5
S016,0,582,fuego,a,a,0.5,-0.5
S016,0,702,cuenco,a,b,0.5,0.5
S016,0,506,jamon,b,a,-0.5,-0.5
S016,0,472,pato,a,b,0.5,0.5
S016,0,576,goma,b,a,-0.5,-0.5
S016,0,508,feroz,b,a,-0.5,-0.5
S016,0,611,prado,b,a,-0.5,-0.5
S016,0,503,dormir,b,a,-0.5,-0.5
S016,0,593,salud,a,a,0.5,-0.5
S016,0,564,rincon,b,a,-0.5,-0.5
S016,0,806,mudo,a,a,0.5,-0.5
S016,0,652,parir,a,a,0.5,-0.5
S016,0,637,foca,b,b,-0.5,0.5
S016,0,742,nudo,b,a,-0.5,-0.5
S016,0,486,jardin,b,a,-0.5,-0.5
S016,0,525,ruido,b,a,-0.5,-0.5
S016,0,548,pobre,a,a,0.5,-0.5
S016,0,495,suerte,b,a,-0.5,-0.5
S016,0,535,creer,a,a,0.5,-0.5
S016,0,577,tenso,a,a,0.5,-0.5
S016,0,619,suela,a,b,0.5,0.5
S016,0,830,fusil,b,b,-0.5,0.5
S016,0,696,liebre,b,b,-0.5,0.5
S016,0,600,pelo,a,a,0.5,-0.5
S016,0,667,sudor,a,a,0.5,-0.5
S016,0,543,marron,a,a,0.5,-0.5
S016,0,597,sombra,b,a,-0.5,-0.5
S016,0,603,feliz,b,a,-0.5,-0.5
S016,0,529,soltar,b,a,-0.5,-0.5
S016,0,626,tardar,a,b,0.5,0.5
S016,0,676,gorra,b,a,-0.5,-0.5
S016,0,544,gozar,b,a,-0.5,-0.5
S016,0,614,forjar,a,b,0.5,0.5
S017,0,720,creer,a,a,0.5,-0.5
S017,0,702,dedo,a,a,0.5,-0.5
S017,0,738,jamon,b,a,-0.5,-0.5
S017,0,703,sombra,b,a,-0.5,-0.5
S017,0,880,fusil,b,b,-0.5,0.5
S017,0,761,gorra,b,a,-0.5,-0.5
S017,0,647,jardin,b,a,-0.5,-0.5
S017,0,744,tenso,a,a,0.5,-0.5
S017,0,630,gozar,b,a,-0.5,-0.5
S017,0,632,pobre,a,a,0.5,-0.5
S017,0,957,juego,b,a,-0.5,-0.5
S017,0,991,soltar,b,a,-0.5,-0.5
S017,0,911,forjar,a,b,0.5,0.5
S017,0,930,feliz,b,a,-0.5,-0.5
S017,0,664,prado,b,a,-0.5,-0.5
S017,0,633,ruido,b,a,-0.5,-0.5
S017,0,1083,pana,a,b,0.5,0.5
S017,0,1011,porte,a,a,0.5,-0.5
S017,0,1014,feroz,b,a,-0.5,-0.5
S017,0,600,mudo,a,a,0.5,-0.5
S017,0,1123,sonda,b,b,-0.5,0.5
S017,0,715,suerte,b,a,-0.5,-0.5
S017,0,1207,pato,a,b,0.5,0.5
S017,0,1137,fuego,a,a,0.5,-0.5
S017,0,752,foca,b,b,-0.5,0.5
S017,0,573,marron,a,a,0.5,-0.5
S017,0,1153,parir,a,a,0.5,-0.5
S017,0,878,mana,a,b,0.5,0.5
S017,0,839,rincon,b,a,-0.5,-0.5
S017,0,956,goma,b,a,-0.5,-0.5
S017,0,673,dormir,b,a,-0.5,-0.5
S017,0,1009,sudor,a,a,0.5,-0.5
S017,0,1059,liebre,b,b,-0.5,0.5
S017,0,785,pelo,a,a,0.5,-0.5
S017,0,717,tardar,a,b,0.5,0.5
S017,0,996,jarro,b,b,-0.5,0.5
S017,0,551,tacon,b,b,-0.5,0.5
S017,0,988,poro,a,b,0.5,0.5
S017,0,592,tapon,b,b,-0.5,0.5
S017,0,756,gota,b,a,-0.5,-0.5
S017,0,798,forro,b,b,-0.5,0.5
S017,0,1048,riego,b,b,-0.5,0.5
S017,0,618,tomo,a,a,0.5,-0.5
S017,0,896,sobrio,a,b,0.5,0.5
S017,0,714,pecar,a,b,0.5,0.5
S017,0,698,desliz,a,b,0.5,0.5
S017,0,681,penal,a,b,0.5,0.5
S017,0,681,sofa,a,a,0.5,-0.5
S017,0,1031,parra,a,b,0.5,0.5
S017,0,1109,jugar,b,a,-0.5,-0.5
S017,0,865,tarro,b,b,-0.5,0.5
S017,0,761,potro,a,b,0.5,0.5
S017,0,631,pomo,a,b,0.5,0.5
S017,0,1192,gozo,b,a,-0.5,-0.5
S017,0,661,fogon,b,b,-0.5,0.5
S017,0,724,jarron,b,b,-0.5,0.5
S017,0,695,fango,b,b,-0.5,0.5
S017,0,775,chata,b,b,-0.5,0.5
S017,0,1049,ruedo,b,b,-0.5,0.5
S017,0,636,plato,a,a,0.5,-0.5
S017,0,638,suegro,a,b,0.5,0.5
S017,0,1236,necia,a,b,0.5,0.5
S017,0,1102,gaita,b,b,-0.5,0.5
S017,0,589,fresa,b,b,-0.5,0.5
S017,0,729,susto,b,a,-0.5,-0.5
S017,0,741,sonar,a,a,0.5,-0.5
S017,0,703,trapo,a,a,0.5,-0.5
S017,0,1217,pared,a,a,0.5,-0.5
S017,0,883,gula,b,b,-0.5,0.5
S017,0,796,surco,b,b,-0.5,0.5
S017,0,647,tratar,a,a,0.5,-0.5
S017,0,652,palo,a,a,0.5,-0.5
S017,0,688,mulo,a,b,0.5,0.5
S018,0,747,dedo,a,a,0.5,-0.5
S018,0,855,soltar,b,a,-0.5,-0.5
S018,0,582,pato,a,b,0.5,0.5
S018,0,1029,ruido,b,a,-0.5,-0.5
S018,0,839,mudo,a,a,0.5,-0.5
S018,0,633,sudor,a,a,0.5,-0.5
S018,0,578,fuego,a,a,0.5,-0.5
S018,0,697,parir,a,a,0.5,-0.5
S018,0,584,nudo,b,a,-0.5,-0.5
S018,0,602,jardin,b,a,-0.5,-0.5
S018,0,502,pelo,a,a,0.5,-0.5
S018,0,623,gorra,b,a,-0.5,-0.5
S018,0,608,goma,b,a,-0.5,-0.5
S018,0,852,pana,a,b,0.5,0.5
S018,0,525,creer,a,a,0.5,-0.5
S018,0,641,pobre,a,a,0.5,-0.5
S018,0,563,sombra,b,a,-0.5,-0.5
S018,0,664,cuenco,a,b,0.5,0.5
S018,0,566,liebre,b,b,-0.5,0.5
S018,0,491,suerte,b,a,-0.5,-0.5
S018,0,850,suela,a,b,0.5,0.5
S018,0,757,fusil,b,b,-0.5,0.5
S018,0,691,dormir,b,a,-0.5,-0.5
S018,0,563,jamon,b,a,-0.5,-0.5
S018,0,599,forjar,a,b,0.5,0.5
S018,0,1063,feroz,b,a,-0.5,-0.5
S018,0,667,tardar,a,b,0.5,0.5
S018,0,950,mana,a,b,0.5,0.5
S018,0,915,feliz,b,a,-0.5,-0.5
S018,0,691,nuera,a,b,0.5,0.5
S018,0,611,marron,a,a,0.5,-0.5
S018,0,550,gozar,b,a,-0.5,-0.5
S018,0,554,rincon,b,a,-0.5,-0.5
S018,0,574,sonda,b,b,-0.5,0.5
S018,0,850,foca,b,b,-0.5,0.5
S018,0,669,salud,a,a,0.5,-0.5
S018,0,716,prado,b,a,-0.5,-0.5
S018,0,587,tenso,a,a,0.5,-0.5
S018,0,591,juego,b,a,-0.5,-0.5
S018,0,652,surco,b,b,-0.5,0.5
S018,0,664,tacon,b,b,-0.5,0.5
S018,0,664,ruedo,b,b,-0.5,0.5
S018,0,823,potro,a,b,0.5,0.5
S018,0,897,gaita,b,b,-0.5,0.5
S018,0,771,mulo,a,b,0.5,0.5
S018,0,626,tarro,b,b,-0.5,0.5
S018,0,771,trapo,a,a,0.5,-0.5
S018,0,783,palo,a,a,0.5,-0.5
S018,0,651,tapon,b,b,-0.5,0.5
S018,0,669,riego,b,b,-0.5,0.5
S018,0,735,penal,a,b,0.5,0.5
S018,0,697,fogon,b,b,-0.5,0.5
S018,0,712,pecar,a,b,0.5,0.5
S018,0,583,gozo,b,a,-0.5,-0.5
S018,0,597,tomo,a,a,0.5,-0.5
S018,0,1080,sosa,a,b,0.5,0.5
S018,0,744,chata,b,b,-0.5,0.5
S018,0,646,suegro,a,b,0.5,0.5
S018,0,760,gota,b,a,-0.5,-0.5
S018,0,666,jugar,b,a,-0.5,-0.5
S018,0,779,necia,a,b,0.5,0.5
S018,0,625,plato,a,a,0.5,-0.5
S018,0,498,jarron,b,b,-0.5,0.5
S018,0,475,jarro,b,b,-0.5,0.5
S018,0,690,mosto,b,b,-0.5,0.5
S018,0,594,tratar,a,a,0.5,-0.5
S018,0,1183,pomo,a,b,0.5,0.5
S018,0,814,desliz,a,b,0.5,0.5
S018,0,1203,fango,b,b,-0.5,0.5
S018,0,1167,parra,a,b,0.5,0.5
S018,0,476,sonar,a,a,0.5,-0.5
S018,0,670,pared,a,a,0.5,-0.5
S018,0,935,forro,b,b,-0.5,0.5
S018,0,716,sofa,a,a,0.5,-0.5
S018,0,466,fresa,b,b,-0.5,0.5
S019,0,698,trapo,a,a,0.5,-0.5
S019,0,777,surco,b,b,-0.5,0.5
S019,0,614,ruedo,b,b,-0.5,0.5
S019,0,506,gota,b,a,-0.5,-0.5
S019,0,640,sobrio,a,b,0.5,0.5
S019,0,661,pomo,a,b,0.5,0.5
S019,0,567,fresa,b,b,-0.5,0.5
S019,0,551,sonar,a,a,0.5,-0.5
S019,0,523,sofa,a,a,0.5,-0.5
S019,0,578,palo,a,a,0.5,-0.5
S019,0,775,fango,b,b,-0.5,0.5
S019,0,867,tratar,a,a,0.5,-0.5
S019,0,620,tapon,b,b,-0.5,0.5
S019,0,799,fogon,b,b,-0.5,0.5
S019,0,577,forro,b,b,-0.5,0.5
S019,0,502,tomo,a,a,0.5,-0.5
S019,0,607,gula,b,b,-0.5,0.5
S019,0,482,riego,b,b,-0.5,0.5
S019,0,882,gaita,b,b,-0.5,0.5
S019,0,474,plato,a,a,0.5,-0.5
S019,0,419,mosto,b,b,-0.5,0.5
S019,0,596,suegro,a,b,0.5,0.5
S019,0,552,susto,b,a,-0.5,-0.5
S019,0,654,pecar,a,b,0.5,0.5
S019,0,527,mulo,a,b,0.5,0.5
S019,0,818,desliz,a,b,0.5,0.5
S019,0,556,jugar,b,a,-0.5,-0.5
S019,0,612,tacon,b,b,-0.5,0.5
S019,0,503,jarron,b,b,-0.5,0.5
S019,0,430,parra,a,b,0.5,0.5
S019,0,440,poro,a,b,0.5,0.5
S019,0,484,tarro,b,b,-0.5,0.5
S019,0,740,penal,a,b,0.5,0.5
S019,0,677,pared,a,a,0.5,-0.5
S019,0,614,sosa,a,b,0.5,0.5
S019,0,766,potro,a,b,0.5,0.5
S019,0,819,gozo,b,a,-0.5,-0.5
S019,0,691,chata,b,b,-0.5,0.5
S019,0,624,jarro,b,b,-0.5,0.5
S019,0,578,jamon,b,a,-0.5,-0.5
S019,0,588,sonda,b,b,-0.5,0.5
S019,0,498,fuego,a,a,0.5,-0.5
S019,0,490,mudo,a,a,0.5,-0.5
S019,0,580,cuenco,a,b,0.5,0.5
S019,0,681,suela,a,b,0.5,0.5
S019,0,604,pato,a,b,0.5,0.5
S019,0,499,nudo,b,a,-0.5,-0.5
S019,0,487,jardin,b,a,-0.5,-0.5
S019,0,564,pelo,a,a,0.5,-0.5
S019,0,604,goma,b,a,-0.5,-0.5
S019,0,703,marron,a,a,0.5,-0.5
S019,0,447,salud,a,a,0.5,-0.5
S019,0,536,pana,a,b,0.5,0.5
S019,0,510,gozar,b,a,-0.5,-0.5
S019,0,806,tardar,a,b,0.5,0.5
S019,0,735,sudor,a,a,0.5,-0.5
S019,0,769,porte,a,a,0.5,-0.5
S019,0,543,creer,a,a,0.5,-0.5
S019,0,499,dedo,a,a,0.5,-0.5
S019,0,638,mana,a,b,0.5,0.5
S019,0,629,parir,a,a,0.5,-0.5
S019,0,551,liebre,b,b,-0.5,0.5
S019,0,669,rincon,b,a,-0.5,-0.5
S019,0,584,juego,b,a,-0.5,-0.5
S019,0,552,suerte,b,a,-0.5,-0.5
S019,0,633,prado,b,a,-0.5,-0.5
S019,0,653,fusil,b,b,-0.5,0.5
S019,0,473,feliz,b,a,-0.5,-0.5
S019,0,552,ruido,b,a,-0.5,-0.5
S019,0,695,tenso,a,a,0.5,-0.5
S019,0,630,nuera,a,b,0.5,0.5
S019,0,830,feroz,b,a,-0.5,-0.5
S019,0,634,gorra,b,a,-0.5,-0.5
S019,0,637,sombra,b,a,-0.5,-0.5
S019,0,562,pobre,a,a,0.5,-0.5
S019,0,503,foca,b,b,-0.5,0.5
S019,0,879,forjar,a,b,0.5,0.5
S019,0,566,dormir,b,a,-0.5,-0.5
S020,0,579,sonar,a,a,0.5,-0.5
S020,0,635,mosto,b,b,-0.5,0.5
S020,0,541,penal,a,b,0.5,0.5
S020,0,589,gozo,b,a,-0.5,-0.5
S020,0,616,tomo,a,a,0.5,-0.5
S020,0,676,forro,b,b,-0.5,0.5
S020,0,515,jugar,b,a,-0.5,-0.5
S020,0,570,tratar,a,a,0.5,-0.5
S020,0,558,jarro,b,b,-0.5,0.5
S020,0,679,necia,a,b,0.5,0.5
S020,0,599,poro,a,b,0.5,0.5
S020,0,587,suegro,a,b,0.5,0.5
S020,0,514,pared,a,a,0.5,-0.5
S020,0,555,fogon,b,b,-0.5,0.5
S020,0,576,fango,b,b,-0.5,0.5
S020,0,645,desliz,a,b,0.5,0.5
S020,0,619,jarron,b,b,-0.5,0.5
S020,0,733,potro,a,b,0.5,0.5
S020,0,579,palo,a,a,0.5,-0.5
S020,0,520,sofa,a,a,0.5,-0.5
S020,0,574,riego,b,b,-0.5,0.5
S020,0,634,sobrio,a,b,0.5,0.5
S020,0,666,ruedo,b,b,-0.5,0.5
S020,0,585,trapo,a,a,0.5,-0.5
S020,0,516,gota,b,a,-0.5,-0.5
S020,0,694,gula,b,b,-0.5,0.5
S020,0,510,tacon,b,b,-0.5,0.5
S020,0,533,fresa,b,b,-0.5,0.5
S020,0,571,pecar,a,b,0.5,0.5
S020,0,644,surco,b,b,-0.5,0.5
S020,0,557,tarro,b,b,-0.5,0.5
S020,0,671,chata,b,b,-0.5,0.5
S020,0,480,plato,a,a,0.5,-0.5
S020,0,568,susto,b,a,-0.5,-0.5
S020,0,531,pomo,a,b,0.5,0.5
S020,0,540,sosa,a,b,0.5,0.5
S020,0,482,tapon,b,b,-0.5,0.5
S020,0,541,mulo,a,b,0.5,0.5
S020,0,529,pana,a,b,0.5,0.5
S020,0,540,feroz,b,a,-0.5,-0.5
S020,0,521,creer,a,a,0.5,-0.5
S020,0,470,suela,a,b,0.5,0.5
S020,0,520,ruido,b,a,-0.5,-0.5
S020,0,544,parir,a,a,0.5,-0.5
S020,0,614,gozar,b,a,-0.5,-0.5
S020,0,517,fusil,b,b,-0.5,0.5
S020,0,458,fuego,a,a,0.5,-0.5
S020,0,404,sombra,b,a,-0.5,-0.5
S020,0,494,liebre,b,b,-0.5,0.5
S020,0,483,salud,a,a,0.5,-0.5
S020,0,443,juego,b,a,-0.5,-0.5
S020,0,524,rincon,b,a,-0.5,-0.5
S020,0,514,dedo,a,a,0.5,-0.5
S020,0,474,pobre,a,a,0.5,-0.5
S020,0,616,tenso,a,a,0.5,-0.5
S020,0,554,nudo,b,a,-0.5,-0.5
S020,0,648,pato,a,b,0.5,0.5
S020,0,553,prado,b,a,-0.5,-0.5
S020,0,495,cuenco,a,b,0.5,0.5
S020,0,457,feliz,b,a,-0.5,-0.5
S020,0,471,suerte,b,a,-0.5,-0.5
S020,0,495,foca,b,b,-0.5,0.5
S020,0,615,nuera,a,b,0.5,0.5
S020,0,569,tardar,a,b,0.5,0.5
S020,0,512,dormir,b,a,-0.5,-0.5
S020,0,510,soltar,b,a,-0.5,-0.5
S020,0,485,goma,b,a,-0.5,-0.5
S020,0,579,sudor,a,a,0.5,-0.5
S020,0,522,forjar,a,b,0.5,0.5
S020,0,532,porte,a,a,0.5,-0.5
S020,0,634,marron,a,a,0.5,-0.5
S020,0,549,sonda,b,b,-0.5,0.5
S020,0,555,mudo,a,a,0.5,-0.5
S020,0,427,pelo,a,a,0.5,-0.5
S020,0,430,gorra,b,a,-0.5,-0.5
S020,0,472,jamon,b,a,-0.5,-0.5
S020,0,465,jardin,b,a,-0.5,-0.5
S021,0,832,sonda,b,b,-0.5,0.5
S021,0,618,jamon,b,a,-0.5,-0.5
S021,0,653,goma,b,a,-0.5,-0.5
S021,0,814,sudor,a,a,0.5,-0.5
S021,0,521,juego,b,a,-0.5,-0.5
S021,0,815,mudo,a,a,0.5,-0.5
S021,0,1023,creer,a,a,0.5,-0.5
S021,0,580,rincon,b,a,-0.5,-0.5
S021,0,760,nudo,b,a,-0.5,-0.5
S021,0,828,fuego,a,a,0.5,-0.5
S021,0,886,marron,a,a,0.5,-0.5
S021,0,846,feroz,b,a,-0.5,-0.5
S021,0,556,dormir,b,a,-0.5,-0.5
S021,0,692,sombra,b,a,-0.5,-0.5
S021,0,878,tenso,a,a,0.5,-0.5
S021,0,874,prado,b,a,-0.5,-0.5
S021,0,635,foca,b,b,-0.5,0.5
S021,0,749,fusil,b,b,-0.5,0.5
S021,0,1130,mana,a,b,0.5,0.5
S021,0,536,ruido,b,a,-0.5,-0.5
S021,0,614,pato,a,b,0.5,0.5
S021,0,616,pobre,a,a,0.5,-0.5
S021,0,1074,soltar,b,a,-0.5,-0.5
S021,0,810,forjar,a,b,0.5,0.5
S021,0,629,salud,a,a,0.5,-0.5
S021,0,639,suerte,b,a,-0.5,-0.5
S021,0,678,tardar,a,b,0.5,0.5
S021,0,739,liebre,b,b,-0.5,0.5
S021,0,969,gorra,b,a,-0.5,-0.5
S021,0,653,dedo,a,a,0.5,-0.5
S021,0,623,gozar,b,a,-0.5,-0.5
S021,0,641,parir,a,a,0.5,-0.5
S021,0,835,jardin,b,a,-0.5,-0.5
S021,0,1031,nuera,a,b,0.5,0.5
S021,0,702,feliz,b,a,-0.5,-0.5
S021,0,956,porte,a,a,0.5,-0.5
S021,0,936,suela,a,b,0.5,0.5
S021,0,1317,cuenco,a,b,0.5,0.5
S021,0,1080,pelo,a,a,0.5,-0.5
S021,0,625,jugar,b,a,-0.5,-0.5
S021,0,740,gula,b,b,-0.5,0.5
S021,0,1082,sosa,a,b,0.5,0.5
S021,0,571,fresa,b,b,-0.5,0.5
S021,0,1043,mulo,a,b,0.5,0.5
S021,0,549,tapon,b,b,-0.5,0.5
S021,0,634,plato,a,a,0.5,-0.5
S021,0,732,forro,b,b,-0.5,0.5
S021,0,570,tomo,a,a,0.5,-0.5
S021,0,633,tratar,a,a,0.5,-0.5
S021,0,667,trapo,a,a,0.5,-0.5
S021,0,1067,desliz,a,b,0.5,0.5
S021,0,939,sofa,a,a,0.5,-0.5
S021,0,689,fogon,b,b,-0.5,0.5
S021,0,1035,chata,b,b,-0.5,0.5
S021,0,893,sobrio,a,b,0.5,0.5
S021,0,692,pecar,a,b,0.5,0.5
S021,0,931,riego,b,b,-0.5,0.5
S021,0,812,gota,b,a,-0.5,-0.5
S021,0,1222,poro,a,b,0.5,0.5
S021,0,849,surco,b,b,-0.5,0.5
S021,0,833,susto,b,a,-0.5,-0.5
S021,0,988,necia,a,b,0.5,0.5
S021,0,831,potro,a,b,0.5,0.5
S021,0,1021,ruedo,b,b,-0.5,0.5
S021,0,751,gozo,b,a,-0.5,-0.5
S021,0,705,fango,b,b,-0.5,0.5
S021,0,572,jarro,b,b,-0.5,0.5
S021,0,1233,jarron,b,b,-0.5,0.5
S021,0,665,suegro,a,b,0.5,0.5
S021,0,810,penal,a,b,0.5,0.5
S021,0,951,tarro,b,b,-0.5,0.5
S021,0,827,parra,a,b,0.5,0.5
S021,0,652,tacon,b,b,-0.5,0.5
S021,0,791,mosto,b,b,-0.5,0.5
S021,0,590,pared,a,a,0.5,-0.5
S021,0,623,sonar,a,a,0.5,-0.5
S022,0,486,feliz,b,a,-0.5,-0.5
S022,0,750,porte,a,a,0.5,-0.5
S022,0,508,jamon,b,a,-0.5,-0.5
S022,0,692,feroz,b,a,-0.5,-0.5
S022,0,628,nudo,b,a,-0.5,-0.5
S022,0,926,suela,a,b,0.5,0.5
S022,0,741,fusil,b,b,-0.5,0.5
S022,0,483,jardin,b,a,-0.5,-0.5
S022,0,523,dormir,b,a,-0.5,-0.5
S022,0,543,creer,a,a,0.5,-0.5
S022,0,709,ruido,b,a,-0.5,-0.5
S022,0,540,salud,a,a,0.5,-0.5
S022,0,459,juego,b,a,-0.5,-0.5
S022,0,480,pato,a,b,0.5,0.5
S022,0,520,pelo,a,a,0.5,-0.5
S022,0,491,pobre,a,a,0.5,-0.5
S022,0,915,goma,b,a,-0.5,-0.5
S022,0,522,suerte,b,a,-0.5,-0.5
S022,0,487,fuego,a,a,0.5,-0.5
S022,0,635,tardar,a,b,0.5,0.5
S022,0,589,sonda,b,b,-0.5,0.5
S022,0,548,marron,a,a,0.5,-0.5
S022,0,514,dedo,a,a,0.5,-0.5
S022,0,585,nuera,a,b,0.5,0.5
S022,0,686,gozar,b,a,-0.5,-0.5
S022,0,686,parir,a,a,0.5,-0.5
S022,0,455,foca,b,b,-0.5,0.5
S022,0,496,sudor,a,a,0.5,-0.5
S022,0,872,pana,a,b,0.5,0.5
S022,0,562,soltar,b,a,-0.5,-0.5
S022,0,456,gorra,b,a,-0.5,-0.5
S022,0,721,cuenco,a,b,0.5,0.5
S022,0,467,sombra,b,a,-0.5,-0.5
S022,0,428,rincon,b,a,-0.5,-0.5
S022,0,1144,mulo,a,b,0.5,0.5
S022,0,1036,necia,a,b,0.5,0.5
S022,0,654,sofa,a,a,0.5,-0.5
S022,0,512,pared,a,a,0.5,-0.5
S022,0,711,gula,b,b,-0.5,0.5
S022,0,601,susto,b,a,-0.5,-0.5
S022,0,635,gota,b,a,-0.5,-0.5
S022,0,460,riego,b,b,-0.5,0.5
S022,0,533,jarro,b,b,-0.5,0.5
S022,0,715,sobrio,a,b,0.5,0.5
S022,0,506,surco,b,b,-0.5,0.5
S022,0,677,tacon,b,b,-0.5,0.5
S022,0,469,penal,a,b,0.5,0.5
S022,0,736,trapo,a,a,0.5,-0.5
S022,0,542,gozo,b,a,-0.5,-0.5
S022,0,708,sosa,a,b,0.5,0.5
S022,0,500,palo,a,a,0.5,-0.5
S022,0,973,ruedo,b,b,-0.5,0.5
S022,0,642,pomo,a,b,0.5,0.5
S022,0,518,jarron,b,b,-0.5,0.5
S022,0,526,fresa,b,b,-0.5,0.5
S022,0,421,sonar,a,a,0.5,-0.5
S022,0,469,tarro,b,b,-0.5,0.5
S022,0,771,fogon,b,b,-0.5,0.5
S022,0,560,tapon,b,b,-0.5,0.5
S022,0,1174,desliz,a,b,0.5,0.5
S022,0,803,pecar,a,b,0.5,0.5
S022,0,526,suegro,a,b,0.5,0.5
S022,0,516,jugar,b,a,-0.5,-0.5
S022,0,650,potro,a,b,0.5,0.5
S022,0,736,tratar,a,a,0.5,-0.5
S022,0,568,parra,a,b,0.5,0.5
S022,0,445,plato,a,a,0.5,-0.5
S022,0,534,forro,b,b,-0.5,0.5
S023,0,453,jugar,b,a,-0.5,-0.5
S023,0,567,tomo,a,a,0.5,-0.5
S023,0,604,plato,a,a,0.5,-0.5
S023,0,559,fresa,b,b,-0.5,0.5
S023,0,603,chata,b,b,-0.5,0.5
S023,0,462,susto,b,a,-0.5,-0.5
S023,0,632,sofa,a,a,0.5,-0.5
S023,0,778,gula,b,b,-0.5,0.5
S023,0,787,forro,b,b,-0.5,0.5
S023,0,912,pomo,a,b,0.5,0.5
S023,0,695,sobrio,a,b,0.5,0.5
S023,0,1120,tacon,b,b,-0.5,0.5
S023,0,603,sosa,a,b,0.5,0.5
S023,0,926,parra,a,b,0.5,0.5
S023,0,725,trapo,a,a,0.5,-0.5
S023,0,871,potro,a,b,0.5,0.5
S023,0,623,suegro,a,b,0.5,0.5
S023,0,658,fango,b,b,-0.5,0.5
S023,0,562,tratar,a,a,0.5,-0.5
S023,0,1000,palo,a,a,0.5,-0.5
S023,0,652,mulo,a,b,0.5,0.5
S023,0,653,pared,a,a,0.5,-0.5
S023,0,833,gozo,b,a,-0.5,-0.5
S023,0,874,surco,b,b,-0.5,0.5
S023,0,675,sonar,a,a,0.5,-0.5
S023,0,595,jarron,b,b,-0.5,0.5
S023,0,759,necia,a,b,0.5,0.5
S023,0,898,gaita,b,b,-0.5,0.5
S023,0,1050,pecar,a,b,0.5,0.5
S023,0,862,penal,a,b,0.5,0.5
S023,0,1207,riego,b,b,-0.5,0.5
S023,0,484,gota,b,a,-0.5,-0.5
S023,0,812,fogon,b,b,-0.5,0.5
S023,0,503,tapon,b,b,-0.5,0.5
S023,0,780,tarro,b,b,-0.5,0.5
S023,0,581,foca,b,b,-0.5,0.5
S023,0,617,parir,a,a,0.5,-0.5
S023,0,597,soltar,b,a,-0.5,-0.5
S023,0,576,liebre,b,b,-0.5,0.5
S023,0,1125,prado,b,a,-0.5,-0.5
S023,0,548,gorra,b,a,-0.5,-0.5
S023,0,602,nuera,a,b,0.5,0.5
S023,0,1053,marron,a,a,0.5,-0.5
S023,0,638,forjar,a,b,0.5,0.5
S023,0,1167,porte,a,a,0.5,-0.5
S023,0,572,juego,b,a,-0.5,-0.5
S023,0,528,tenso,a,a,0.5,-0.5
S023,0,804,goma,b,a,-0.5,-0.5
S023,0,667,salud,a,a,0.5,-0.5
S023,0,651,sombra,b,a,-0.5,-0.5
S023,0,1127,sonda,b,b,-0.5,0.5
S023,0,470,jamon,b,a,-0.5,-0.5
S023,0,495,pobre,a,a,0.5,-0.5
S023,0,650,dormir,b,a,-0.5,-0.5
S023,0,539,sudor,a,a,0.5,-0.5
S023,0,625,tardar,a,b,0.5,0.5
S023,0,709,dedo,a,a,0.5,-0.5
S023,0,629,jardin,b,a,-0.5,-0.5
S023,0,791,nudo,b,a,-0.5,-0.5
S023,0,627,suerte,b,a,-0.5,-0.5
S023,0,488,fuego,a,a,0.5,-0.5
S023,0,936,feroz,b,a,-0.5,-0.5
S023,0,585,gozar,b,a,-0.5,-0.5
S023,0,813,cuenco,a,b,0.5,0.5
S023,0,914,creer,a,a,0.5,-0.5
S023,0,729,pelo,a,a,0.5,-0.5
S023,0,952,mudo,a,a,0.5,-0.5
S023,0,715,rincon,b,a,-0.5,-0.5
S023,0,633,feliz,b,a,-0.5,-0.5
S023,0,668,pato,a,b,0.5,0.5
S024,0,619,susto,b,a,-0.5,-0.5
S024,0,542,sofa,a,a,0.5,-0.5
S024,0,884,potro,a,b,0.5,0.5
S024,0,595,parra,a,b,0.5,0.5
S024,0,686,trapo,a,a,0.5,-0.5
S024,0,589,sonar,a,a,0.5,-0.5
S024,0,545,jugar,b,a,-0.5,-0.5
S024,0,886,chata,b,b,-0.5,0.5
S024,0,603,pecar,a,b,0.5,0.5
S024,0,825,gula,b,b,-0.5,0.5
S024,0,837,fango,b,b,-0.5,0.5
S024,0,1057,sosa,a,b,0.5,0.5
S024,0,644,tapon,b,b,-0.5,0.5
S024,0,615,surco,b,b,-0.5,0.5
S024,0,537,pared,a,a,0.5,-0.5
S024,0,738,fresa,b,b,-0.5,0.5
S024,0,831,plato,a,a,0.5,-0.5
S024,0,617,palo,a,a,0.5,-0.5
S024,0,644,gota,b,a,-0.5,-0.5
S024,0,571,jarro,b,b,-0.5,0.5
S024,0,686,necia,a,b,0.5,0.5
S024,0,655,jarron,b,b,-0.5,0.5
S024,0,625,sobrio,a,b,0.5,0.5
S024,0,611,riego,b,b,-0.5,0.5
S024,0,647,gozo,b,a,-0.5,-0.5
S024,0,527,pomo,a,b,0.5,0.5
S024,0,1004,gaita,b,b,-0.5,0.5
S024,0,576,fogon,b,b,-0.5,0.5
S024,0,618,tomo,a,a,0.5,-0.5
S024,0,429,tarro,b,b,-0.5,0.5
S024,0,535,tratar,a,a,0.5,-0.5
S024,0,652,suegro,a,b,0.5,0.5
S024,0,813,forro,b,b,-0.5,0.5
S024,0,1002,ruedo,b,b,-0.5,0.5
S024,0,750,desliz,a,b,0.5,0.5
S024,0,537,penal,a,b,0.5,0.5
S024,0,852,mosto,b,b,-0.5,0.5
S024,0,848,mulo,a,b,0.5,0.5
S024,0,533,tacon,b,b,-0.5,0.5
S024,0,656,feroz,b,a,-0.5,-0.5
S024,0,561,sonda,b,b,-0.5,0.5
S024,0,726,suela,a,b,0.5,0.5
S024,0,557,dedo,a,a,0.5,-0.5
S024,0,931,porte,a,a,0.5,-0.5
S024,0,442,marron,a,a,0.5,-0.5
S024,0,522,ruido,b,a,-0.5,-0.5
S024,0,1185,gozar,b,a,-0.5,-0.5
S024,0,605,soltar,b,a,-0.5,-0.5
S024,0,553,dormir,b,a,-0.5,-0.5
S024,0,593,pana,a,b,0.5,0.5
S024,0,675,cuenco,a,b,0.5,0.5
S024,0,580,creer,a,a,0.5,-0.5
S024,0,812,parir,a,a,0.5,-0.5
S024,0,650,nudo,b,a,-0.5,-0.5
S024,0,758,fusil,b,b,-0.5,0.5
S024,0,514,gorra,b,a,-0.5,-0.5
S024,0,729,juego,b,a,-0.5,-0.5
S024,0,536,suerte,b,a,-0.5,-0.5
S024,0,958,prado,b,a,-0.5,-0.5
S024,0,547,goma,b,a,-0.5,-0.5
S024,0,574,foca,b,b,-0.5,0.5
S024,0,803,pato,a,b,0.5,0.5
S024,0,1150,mudo,a,a,0.5,-0.5
S024,0,624,tenso,a,a,0.5,-0.5
S024,0,579,salud,a,a,0.5,-0.5
S024,0,592,pobre,a,a,0.5,-0.5
S024,0,612,rincon,b,a,-0.5,-0.5
S024,0,646,sudor,a,a,0.5,-0.5
S024,0,711,liebre,b,b,-0.5,0.5
S024,0,519,tardar,a,b,0.5,0.5
S024,0,461,jamon,b,a,-0.5,-0.5
S024,0,680,forjar,a,b,0.5,0.5
S024,0,690,jardin,b,a,-0.5,-0.5
S024,0,590,fuego,a,a,0.5,-0.5
S024,0,534,feliz,b,a,-0.5,-0.5
S024,0,590,sombra,b,a,-0.5,-0.5
S025,0,543,dormir,b,a,-0.5,-0.5
S025,0,677,dedo,a,a,0.5,-0.5
S025,0,566,ruido,b,a,-0.5,-0.5
S025,0,765,cuenco,a,b,0.5,0.5
S025,0,448,salud,a,a,0.5,-0.5
S025,0,634,tenso,a,a,0.5,-0.5
S025,0,600,feliz,b,a,-0.5,-0.5
S025,0,684,goma,b,a,-0.5,-0.5
S025,0,796,prado,b,a,-0.5,-0.5
S025,0,738,gorra,b,a,-0.5,-0.5
S025,0,704,marron,a,a,0.5,-0.5
S025,0,639,sonda,b,b,-0.5,0.5
S025,0,466,sudor,a,a,0.5,-0.5
S025,0,547,pobre,a,a,0.5,-0.5
S025,0,647,forjar,a,b,0.5,0.5
S025,0,582,feroz,b,a,-0.5,-0.5
S025,0,576,creer,a,a,0.5,-0.5
S025,0,813,fusil,b,b,-0.5,0.5
S025,0,920,suela,a,b,0.5,0.5
S025,0,689,fuego,a,a,0.5,-0.5
S025,0,546,tardar,a,b,0.5,0.5
S025,0,680,gozar,b,a,-0.5,-0.5
S025,0,539,foca,b,b,-0.5,0.5
S025,0,543,juego,b,a,-0.5,-0.5
S025,0,616,rincon,b,a,-0.5,-0.5
S025,0,688,pelo,a,a,0.5,-0.5
S025,0,569,soltar,b,a,-0.5,-0.5
S025,0,533,suerte,b,a,-0.5,-0.5
S025,0,971,parir,a,a,0.5,-0.5
S025,0,948,mudo,a,a,0.5,-0.5
S025,0,501,jardin,b,a,-0.5,-0.5
S025,0,590,nudo,b,a,-0.5,-0.5
S025,0,466,sombra,b,a,-0.5,-0.5
S025,0,609,jamon,b,a,-0.5,-0.5
S025,0,581,pato,a,b,0.5,0.5
S025,0,665,nuera,a,b,0.5,0.5
S025,0,522,jarron,b,b,-0.5,0.5
S025,0,747,fogon,b,b,-0.5,0.5
S025,0,648,pomo,a,b,0.5,0.5
S025,0,457,fresa,b,b,-0.5,0.5
S025,0,546,gula,b,b,-0.5,0.5
S025,0,648,necia,a,b,0.5,0.5
S025,0,605,penal,a,b,0.5,0.5
S025,0,575,gozo,b,a,-0.5,-0.5
S025,0,699,palo,a,a,0.5,-0.5
S025,0,574,ruedo,b,b,-0.5,0.5
S025,0,723,parra,a,b,0.5,0.5
S025,0,562,sofa,a,a,0.5,-0.5
S025,0,641,tacon,b,b,-0.5,0.5
S025,0,644,pared,a,a,0.5,-0.5
S025,0,697,desliz,a,b,0.5,0.5
S025,0,697,gota,b,a,-0.5,-0.5
S025,0,840,chata,b,b,-0.5,0.5
S025,0,562,sonar,a,a,0.5,-0.5
S025,0,619,forro,b,b,-0.5,0.5
S025,0,605,sobrio,a,b,0.5,0.5
S025,0,529,tapon,b,b,-0.5,0.5
S025,0,775,potro,a,b,0.5,0.5
S025,0,612,surco,b,b,-0.5,0.5
S025,0,519,trapo,a,a,0.5,-0.5
S025,0,590,mulo,a,b,0.5,0.5
S025,0,450,susto,b,a,-0.5,-0.5
S025,0,539,tarro,b,b,-0.5,0.5
S025,0,689,sosa,a,b,0.5,0.5
S025,0,482,jarro,b,b,-0.5,0.5
S025,0,590,riego,b,b,-0.5,0.5
S025,0,560,jugar,b,a,-0.5,-0.5
S025,0,501,pecar,a,b,0.5,0.5
S025,0,700,suegro,a,b,0.5,0.5
S025,0,605,plato,a,a,0.5,-0.5
S025,0,870,fango,b,b,-0.5,0.5
S025,0,926,mosto,b,b,-0.5,0.5
S026,0,926,forjar,a,b,0.5,0.5
S026,0,629,feliz,b,a,-0.5,-0.5
S026,0,661,rincon,b,a,-0.5,-0.5
S026,0,912,pobre,a,a,0.5,-0.5
S026,0,834,pana,a,b,0.5,0.5
S026,0,1164,nudo,b,a,-0.5,-0.5
S026,0,638,jamon,b,a,-0.5,-0.5
S026,0,729,creer,a,a,0.5,-0.5
S026,0,696,fuego,a,a,0.5,-0.5
S026,0,615,suerte,b,a,-0.5,-0.5
S026,0,699,soltar,b,a,-0.5,-0.5
S026,0,681,sudor,a,a,0.5,-0.5
S026,0,789,foca,b,b,-0.5,0.5
S026,0,872,parir,a,a,0.5,-0.5
S026,0,971,tenso,a,a,0.5,-0.5
S026,0,608,sombra,b,a,-0.5,-0.5
S026,0,515,pato,a,b,0.5,0.5
S026,0,474,salud,a,a,0.5,-0.5
S026,0,690,sonda,b,b,-0.5,0.5
S026,0,610,prado,b,a,-0.5,-0.5
S026,0,790,gozar,b,a,-0.5,-0.5
S026,0,562,dormir,b,a,-0.5,-0.5
S026,0,583,goma,b,a,-0.5,-0.5
S026,0,555,ruido,b,a,-0.5,-0.5
S026,0,640,mana,a,b,0.5,0.5
S026,0,561,pelo,a,a,0.5,-0.5
S026,0,828,dedo,a,a,0.5,-0.5
S026,0,617,marron,a,a,0.5,-0.5
S026,0,688,jardin,b,a,-0.5,-0.5
S026,0,768,gorra,b,a,-0.5,-0.5
S026,0,573,nuera,a,b,0.5,0.5
S026,0,848,mudo,a,a,0.5,-0.5
S026,0,666,tardar,a,b,0.5,0.5
S026,0,807,cuenco,a,b,0.5,0.5
S026,0,1063,liebre,b,b,-0.5,0.5
S026,0,464,tapon,b,b,-0.5,0.5
S026,0,521,fango,b,b,-0.5,0.5
S026,0,575,tacon,b,b,-0.5,0.5
S026,0,580,tratar,a,a,0.5,-0.5
S026,0,766,suegro,a,b,0.5,0.5
S026,0,938,fresa,b,b,-0.5,0.5
S026,0,723,gota,b,a,-0.5,-0.5
S026,0,895,ruedo,b,b,-0.5,0.5
S026,0,631,desliz,a,b,0.5,0.5
S026,0,614,sosa,a,b,0.5,0.5
S026,0,735,pecar,a,b,0.5,0.5
S026,0,1165,mosto,b,b,-0.5,0.5
S026,0,905,trapo,a,a,0.5,-0.5
S026,0,1011,sobrio,a,b,0.5,0.5
S026,0,538,sofa,a,a,0.5,-0.5
S026,0,847,pared,a,a,0.5,-0.5
S026,0,712,penal,a,b,0.5,0.5
S026,0,903,gozo,b,a,-0.5,-0.5
S026,0,479,parra,a,b,0.5,0.5
S026,0,455,jarro,b,b,-0.5,0.5
S026,0,1121,forro,b,b,-0.5,0.5
S026,0,663,plato,a,a,0.5,-0.5
S026,0,615,jugar,b,a,-0.5,-0.5
S026,0,1077,sonar,a,a,0.5,-0.5
S026,0,733,palo,a,a,0.5,-0.5
S026,0,1291,tarro,b,b,-0.5,0.5
S027,0,926,surco,b,b,-0.5,0.5
S027,0,952,sobrio,a,b,0.5,0.5
S027,0,542,tarro,b,b,-0.5,0.5
S027,0,766,chata,b,b,-0.5,0.5
S027,0,771,pecar,a,b,0.5,0.5
S027,0,743,fogon,b,b,-0.5,0.5
S027,0,623,tapon,b,b,-0.5,0.5
S027,0,930,fango,b,b,-0.5,0.5
S027,0,888,desliz,a,b,0.5,0.5
S027,0,528,plato,a,a,0.5,-0.5
S027,0,1025,necia,a,b,0.5,0.5
S027,0,744,parra,a,b,0.5,0.5
S027,0,615,susto,b,a,-0.5,-0.5
S027,0,665,riego,b,b,-0.5,0.5
S027,0,754,gaita,b,b,-0.5,0.5
S027,0,721,trapo,a,a,0.5,-0.5
S027,0,637,tomo,a,a,0.5,-0.5
S027,0,542,jugar,b,a,-0.5,-0.5
S027,0,693,forro,b,b,-0.5,0.5
S027,0,673,gula,b,b,-0.5,0.5
S027,0,642,mosto,b,b,-0.5,0.5
S027,0,676,penal,a,b,0.5,0.5
S027,0,532,tacon,b,b,-0.5,0.5
S027,0,590,suegro,a,b,0.5,0.5
S027,0,770,potro,a,b,0.5,0.5
S027,0,590,fresa,b,b,-0.5,0.5
S027,0,572,gozo,b,a,-0.5,-0.5
S027,0,640,sosa,a,b,0.5,0.5
S027,0,546,pared,a,a,0.5,-0.5
S027,0,487,jarro,b,b,-0.5,0.5
S027,0,789,ruedo,b,b,-0.5,0.5
S027,0,611,palo,a,a,0.5,-0.5
S027,0,550,sonar,a,a,0.5,-0.5
S027,0,604,gota,b,a,-0.5,-0.5
S027,0,668,tratar,a,a,0.5,-0.5
S027,0,1053,mulo,a,b,0.5,0.5
S027,0,517,jarron,b,b,-0.5,0.5
S027,0,511,sofa,a,a,0.5,-0.5
S027,0,516,ruido,b,a,-0.5,-0.5
S027,0,684,suela,a,b,0.5,0.5
S027,0,619,dormir,b,a,-0.5,-0.5
S027,0,541,foca,b,b,-0.5,0.5
S027,0,1201,mana,a,b,0.5,0.5
S027,0,492,juego,b,a,-0.5,-0.5
S027,0,542,suerte,b,a,-0.5,-0.5
S027,0,1000,forjar,a,b,0.5,0.5
S027,0,684,gozar,b,a,-0.5,-0.5
S027,0,994,nudo,b,a,-0.5,-0.5
S027,0,640,jamon,b,a,-0.5,-0.5
S027,0,692,pana,a,b,0.5,0.5
S027,0,760,prado,b,a,-0.5,-0.5
S027,0,527,pobre,a,a,0.5,-0.5
S027,0,558,salud,a,a,0.5,-0.5
S027,0,691,soltar,b,a,-0.5,-0.5
S027,0,815,cuenco,a,b,0.5,0.5
S027,0,684,parir,a,a,0.5,-0.5
S027,0,762,dedo,a,a,0.5,-0.5
S027,0,663,fuego,a,a,0.5,-0.5
S027,0,1141,tenso,a,a,0.5,-0.5
S027,0,547,feliz,b,a,-0.5,-0.5
S027,0,680,feroz,b,a,-0.5,-0.5
S027,0,1049,nuera,a,b,0.5,0.5
S027,0,746,rincon,b,a,-0.5,-0.5
S027,0,896,creer,a,a,0.5,-0.5
S027,0,867,sonda,b,b,-0.5,0.5
S027,0,748,sudor,a,a,0.5,-0.5
S027,0,583,pato,a,b,0.5,0.5
S027,0,562,marron,a,a,0.5,-0.5
S027,0,600,jardin,b,a,-0.5,-0.5
S027,0,890,porte,a,a,0.5,-0.5
S027,0,624,goma,b,a,-0.5,-0.5
S027,0,1059,tardar,a,b,0.5,0.5
S027,0,596,pelo,a,a,0.5,-0.5
S027,0,648,sombra,b,a,-0.5,-0.5
S027,0,502,gorra,b,a,-0.5,-0.5
S028,0,579,jarro,b,b,-0.5,0.5
S028,0,568,tratar,a,a,0.5,-0.5
S028,0,492,trapo,a,a,0.5,-0.5
S028,0,838,gozo,b,a,-0.5,-0.5
S028,0,608,desliz,a,b,0.5,0.5
S028,0,644,gota,b,a,-0.5,-0.5
S028,0,646,tomo,a,a,0.5,-0.5
S028,0,792,chata,b,b,-0.5,0.5
S028,0,536,forro,b,b,-0.5,0.5
S028,0,780,ruedo,b,b,-0.5,0.5
S028,0,681,sofa,a,a,0.5,-0.5
S028,0,568,palo,a,a,0.5,-0.5
S028,0,672,tacon,b,b,-0.5,0.5
S028,0,741,mosto,b,b,-0.5,0.5
S028,0,819,poro,a,b,0.5,0.5
S028,0,859,pomo,a,b,0.5,0.5
S028,0,917,gaita,b,b,-0.5,0.5
S028,0,613,penal,a,b,0.5,0.5
S028,0,699,pecar,a,b,0.5,0.5
S028,0,706,jarron,b,b,-0.5,0.5
S028,0,673,fogon,b,b,-0.5,0.5
S028,0,639,sonar,a,a,0.5,-0.5
S028,0,601,sosa,a,b,0.5,0.5
S028,0,572,suegro,a,b,0.5,0.5
S028,0,545,potro,a,b,0.5,0.5
S028,0,650,fresa,b,b,-0.5,0.5
S028,0,717,riego,b,b,-0.5,0.5
S028,0,740,sobrio,a,b,0.5,0.5
S028,0,632,parra,a,b,0.5,0.5
S028,0,633,pared,a,a,0.5,-0.5
S028,0,650,tapon,b,b,-0.5,0.5
S028,0,747,fango,b,b,-0.5,0.5
S028,0,664,mulo,a,b,0.5,0.5
S028,0,584,gula,b,b,-0.5,0.5
S028,0,591,jugar,b,a,-0.5,-0.5
S028,0,595,susto,b,a,-0.5,-0.5
S028,0,651,necia,a,b,0.5,0.5
S028,0,524,tarro,b,b,-0.5,0.5
S028,0,600,feroz,b,a,-0.5,-0.5
S028,0,651,gozar,b,a,-0.5,-0.5
S028,0,541,gorra,b,a,-0.5,-0.5
S028,0,580,pobre,a,a,0.5,-0.5
S028,0,696,goma,b,a,-0.5,-0.5
S028,0,712,suela,a,b,0.5,0.5
S028,0,577,cuenco,a,b,0.5,0.5
S028,0,612,dormir,b,a,-0.5,-0.5
S028,0,614,tenso,a,a,0.5,-0.5
S028,0,696,feliz,b,a,-0.5,-0.5
S028,0,744,sudor,a,a,0.5,-0.5
S028,0,727,tardar,a,b,0.5,0.5
S028,0,784,pato,a,b,0.5,0.5
S028,0,682,foca,b,b,-0.5,0.5
S028,0,857,mudo,a,a,0.5,-0.5
S028,0,693,forjar,a,b,0.5,0.5
S028,0,756,suerte,b,a,-0.5,-0.5
S028,0,798,parir,a,a,0.5,-0.5
S028,0,598,juego,b,a,-0.5,-0.5
S028,0,703,liebre,b,b,-0.5,0.5
S028,0,680,sombra,b,a,-0.5,-0.5
S028,0,728,mana,a,b,0.5,0.5
S028,0,684,sonda,b,b,-0.5,0.5
S028,0,636,jamon,b,a,-0.5,-0.5
S028,0,719,fusil,b,b,-0.5,0.5
S028,0,717,creer,a,a,0.5,-0.5
S028,0,716,prado,b,a,-0.5,-0.5
S028,0,648,rincon,b,a,-0.5,-0.5
S028,0,617,jardin,b,a,-0.5,-0.5
S028,0,1081,marron,a,a,0.5,-0.5
S028,0,617,dedo,a,a,0.5,-0.5
S028,0,720,soltar,b,a,-0.5,-0.5
S028,0,703,nudo,b,a,-0.5,-0.5
S028,0,622,pelo,a,a,0.5,-0.5
S028,0,577,fuego,a,a,0.5,-0.5
S028,0,1062,ruido,b,a,-0.5,-0.5
S028,0,632,salud,a,a,0.5,-0.5
